channel_id,channel_name,description,published_at,country,view_count,subscriber_count,video_count,load_ts
UC1Ph26_dZKWe8V8LtBZKBFw,SNEHA SHORT 2M,"1 like  Please
नमस्ते🙏🏻 हमारे चैनल का उद्देश्य आप सभी के लिए दुआ कर ज़िंदगी को खुश हाल करना है
सृष्टि ईश्वर के अधीन है ईश्वर की कृपा से किन्नर की दुआ खाली नहीं जाती
आप कर्ज अथवा बीमारी से परेशान हैं
काम,कारोबार व्यापार
 आपको लगता है किसी ने बांध दिया
तो आप विश्वास रखें संपर्क करें
आपकी बारी आने पर आपकी सेवा को तत्पर हैं
# कमेंट में समस्या अपना ओर मां का नाम लिखें
लाइक करें जिससे संदेश आगे बढ़े
👉🏻यदि किसी सज्जन को ये लगता है कि हमने यूट्यूब गाइडलाइन के खिलाफ कोई कंटेंट अपलोड किया है और आपका कंटेंट यूज किया गया है तो कृपया स्ट्राइक स्ट्राइक देने से पहले हमे gmail पर या कॉल 8864805707 पर सूचित करें आपका कंटेंट delete कर दिया जाएगा धन्यवाद 

Disclaimer :
Copyright disclaimer under section 107 of the copyright Act 1976, allowance is made for fair use for purposes such as criticism, comment, news reporting, scholarship, and research. Fair a use permitted by copyright statute that might otherwise by infringing. Not profit educational or personal use tips the balance in favour of fair use..
",2022-08-12 03:19:46.291934,,158873048,416000,791,2025-12-27 07:24:13.797088
UC1eT5t_f1A82yVNaiEnJvbA,SR Jharkhand,"Jharkhand की ताजा खबरें देखने के लिए तैयार हो जाएं। 

 

Copyright Disclaimer: - Under section 107 of the copyright Act 1976, allowance is mad for FAIR USE for purpose such a as criticism, comment, news reporting, teaching, scholarship and research. Fair use is a use permitted by copyright statues that might otherwise be infringing. Non- Profit, educational or personal use tips the balance in favor of FAIR USE.",2025-06-21 08:01:37.588113,IN,5462714,28600,146,2025-12-27 07:24:13.797129
UC1vfrBbTpMV97Apj1T9yYkw,MOVIEMADS TELUGU,"My contact 
WHATSPP ME 👇

MOBILE NO : 7207341734.

If ఎప్పుడైనా నేను whatsapp lo response కాకపోతే, u can contact through telegram also
telegramid  @moviemadstelugu 
7207341734


3 important things in our life. 1.ENTERTAINMENT 2.ENTERTAINMENT 3.ENTERTAINMENT .

",2011-10-19 05:52:21,IN,27757821,114000,694,2025-12-27 07:24:13.797141
UC0iy0L7F6ryCOs3s51xSWjw,LDV Anime,"Xin Chào Mình Là LDV Anime
",2021-07-23 03:32:33.480523,VN,209625510,546000,1476,2025-12-27 07:24:13.797151
UC0XYcf4fQbsO99kHT9hAlCQ,Salmon Bucket Fun Hub,The Salmon Bucket became a PNGtuber! Oh no. Official stream highlights of Salmon Bucket! Will you join the Salmon's army?,2021-01-12 19:30:17.298426,,382834161,252000,281,2025-12-27 07:24:13.797162
UC16niRr50-MSBwiO3YDb3RA,BBC News,"Breaking news, live updates and in-depth analysis from BBC News journalists around the world. 

For the latest news download the BBC News app or visit BBC.com/news
",2006-04-08 05:51:05,GB,6525875184,19000000,27981,2025-12-27 07:24:13.797198
UC0eBS0zgbL0E7V31fmlfqIQ,Домашний кинозал,"Домашний кинозал - самое лучшее кино на нашем канале!
Добро пожаловать на наш YouTube-канал, посвященный российским фильмам и сериалам! 

Здесь вы найдете самую разнообразную коллекцию: от драм и комедий до исторических эпопей и современных триллеров. 

Присоединяйтесь к обсуждениям, делитесь своими мнениями и открывайте для себя уникальные произведения русского кино. 

Подписывайтесь и вместе погружайтесь в волшебный мир кинематографа!
",2024-09-09 10:32:43.09064,AE,19569824,74000,436,2025-12-27 07:24:13.797296
UC0E4_WBCxz6_OG8smQwbOEA,JFW Binge,"JFW Binge is the #1 destination for top-quality content revolving around Tamil Cinema. Tune in for non-stop entertainment and fun with your favorite Tamil actors and Tamil actresses! Stay updated on the latest Kollywood buzz with our exclusive shows and events, including in-depth celebrity interviews and engaging Tamil movie reviews. Get the inside scoop on your favorite stars and the hottest trends in the Tamil film industry, only on JFW Binge!",2020-08-11 17:03:41.490211,IN,1041520772,632000,3131,2025-12-27 07:24:13.797359
UC0Qb7WEWW3xBop_6LC4t7qQ,Unplugged Shubhankar,"Unplugged Podcast with Shubhankar Mishra
Journalist| A ( Aajtak) to Z (Zee News) of news- seen it all. A Common Man Doing Calm se kaam
",2023-12-11 17:10:06.021704,IN,1443154939,1800000,8132,2025-12-27 07:24:13.797447
UC09hwXZEtHcScFWebDsj7cA,samacharpati,"Welcome to Samacharpati YouTube Channel. Launched in May, 2014 as a News YouTube channel with an aim to cater the Nepalese audience with authentic daily news updates, it also works in various domains to be informative to its users. Since then, we have grown to a family of almost a million Subscribers with a daily engagement of about 4,00,000.
Also we have, Samacharpati.com which is a web based news portal for its users where they can browse daily news updates and read as per their convenience, completely managed by Pokhara Media Club Pvt.Ltd.

Pokhara Media Club Registration number in Company register Office Nepal - 133799/071/072
Department Of Information (Suchana Bibhag) Registration number – 53-073/74
Press Council Registration Number– 996
Email : samacharpatinews@gmail.com [9856032486]

For Advertisement-
9802301090/9802857611

#nepalinews
#todaynews
#samachar
#samacharpati
#aajakosamachar
nepali news, today news, nepali samachar, aajako samachar, today nepali news
",2014-05-26 07:46:41,US,458351085,2080000,7192,2025-12-27 07:24:13.797477
UC1qeZQNf2ERZBae7pHx0QVA,Asif just fun magic,Hey Guys! I'm Asif and This is my Channel where i do those -,2025-11-14 11:02:46.989717,PK,11182672,2670,51,2025-12-27 07:24:13.797497
UC1RCIknN_teZZ-HbervTO9w,Fish anime,"",2025-06-03 05:35:21.386427,US,125679961,128000,251,2025-12-27 07:24:13.797507
UC0_ePdaqSISklw3-k1n9w5w,MOVIE MASTERMIND,"                   🙏welcome to my channel....🙏


This Channel Videos only entertainment purpose! Dear Real video owner please don't copyright strike

👉
REAL VIDEO CREDIT✨Superman Can not Fly)

(敖酠( Family Fun Tv)( Bidik Fun Tv) (Ding dong)( Comedy FUN Tv) (BoM Tv) (ROMA FUN Tv) (Our Fun Tv)( Busy Fun Ltd)(my family)(fun tv 24)(maha fun tv) (mr fun tv)~上帝之手,joker-1439,好人小丑,兔子警官,敖闰,超人不会飞,快乐一家人,路飞与唐舞桐

🎙️voice credit^} ai🎵
 📷video📽️editing creator adarsh patel🎥
⏰ total editing time 1:2 hour

Under section 107 of the copyright Act 1976. Allowance is made for ""fair use"" for purpose such as criticism, comment, news reporting teaching, scholarship, education and research

                               √Description√

",2024-07-22 05:28:59.076668,IN,1560380594,1800000,423,2025-12-27 07:24:13.797516
UC1T4vaNlOuHfUhLF-iUy15g,Deblo Lydiaf,Join us and experience the endless charm of movies!,2025-05-22 02:42:06.651054,US,8664188,5180,21,2025-12-27 07:24:13.797525
UC15UB3x64Mi0oov4DeaWbOQ,kitsch & SASH,"Feel-Good vibes for wherever life takes you. ☀️

Hey, we’re kitsch & SASH. Two DJs on the road, collecting moments and shaping them into smooth electronic mixes. Join us wherever the journey goes next.

New videos from another beautiful location every month. Next drop: 25th of December, 2pm CET

Join the tribe, feel the vibe, and let's celebrate life together. 🧡
",2024-06-11 12:08:16.533518,DE,3955454,44800,56,2025-12-27 07:24:13.797534
UC19Q1__oNNopnnvxJm5cS3A,N K,"    ♥️♥️ Welcome to music world. ♥️♥️
          ""Here you'll find every genre of music - whether it's relaxing tracks, party anthems, or old classics.""
  ♥️♥️ Subscribe for new songs and updates!♥️♥️",2018-06-11 13:40:16,IN,45344,110,91,2025-12-27 07:24:13.797566
UC02CGZsIXyXS9FAVUmVk37g,Исаги,"😉Подписывайся на канал и наслаждайся аниме моментами!
✅Название, серию и озвучку ты сможешь найти в описании под каждым видео или в закреплённом комментарии.
",2024-06-07 14:46:09.00092,RU,64641903,30500,350,2025-12-27 07:24:13.797576
UC1Uf3lDOhpbK8H2YVgTC-tw,HappyHourParty,LTEC@TZUMCX,2020-07-25 09:45:54.587265,US,14285820,53800,40,2025-12-27 07:24:13.797584
UC0zk2hShMbNRNlxYuiLwByA,TàiLord,"Hi Guys✋
Content Creator Roblox 
Gmt+7
Contact me for discord",2022-11-04 04:11:05.846484,,46708426,76400,167,2025-12-27 07:24:13.797594
UC0JCCv746e166dpajWNjK0Q,Lool Looo,"",2025-10-24 13:46:09.841896,,21698,21,18,2025-12-27 07:24:13.797603
UC0ubfI8khy85unnALkn60qA,MS.Rajput.sanchore,"नमस्कार मेरे प्यार दोस्तों आपका स्वागत है अपने यूट्यूब चैनल पर |
राम राम दोस्तों यह चैनल Royal Rajputana. 7773 आपका अपना ही है आपको रोजाना  वीडियो मिलेगी अगर आपको पसंद आए तो लाइक शेयर और कमेंट जरुर करें और सब्सक्राइब भी जरूर करें🙏",2019-05-30 06:03:39,IN,41704865,36200,852,2025-12-27 07:24:13.797618
UC0zm4TEbOw2WTeRrw47vMPw,O Melhor de Tudo,Aqui você encontra os melhores truques e hacks para o dia a dia ,2025-01-14 16:06:56.757133,BR,318544394,601000,371,2025-12-27 07:24:13.797627
UC1wSO49EySYpDIcLztcl7Ww,Debo Edits 002,A Channel Where You Find Different Trending Edits 🖤,2025-10-14 00:23:08.461809,,251686,854,104,2025-12-27 07:24:13.797636
UC0CDZm5ZgKDFkF_M2ltlWng,MindXO,"🧠 Quick quizzes | Fast IQ ⚡
🎯 Play • Think • Win 🏆
🤯 Daily brain shots ⚡
🧩 Short quiz, sharp mind 💡
⚡ Test your brain daily 🧠
🎮 Quiz mode ON 🔥
🧠 Mind games | IQ boost 🚀 

      -----------⚡𝕄𝕚𝕟𝕕𝕏𝕠🧠---+-------",2025-12-26 04:16:51.006845,IN,20548,247,3,2025-12-27 07:24:13.797644
UC0_JruLu0nzH7wGN5luk4Zg,bundeli superstar betu tor,"",2025-08-17 02:38:51.922665,,27590,123,68,2025-12-27 07:24:13.797653
UC0KXsQALUBnx7LiM996VbOw,Zack Chug,"SUPERHERO FRAMEWORK:  NUTRITION, MUSCLE GAIN, FAT LOSS & MINDSET E-BOOK BELOW 👇 

Join me on a journey to transform you into your own SUPERHERO , physically and mentally , to become the best version of yourself and show the world what you’re made of 🦸‍♂️
",2021-04-20 20:44:26.79185,,208367203,561000,661,2025-12-27 07:24:13.797664
UC1XVxFQ4OGQcQhSmVyzinbA,DankitPro,Subscribe and turn on notification to enjoy weekly videos.  Have fun.  Laughter is treatment to broken hearts and boring moods.  I ensure you have it in plenty 😂😂😂,2014-11-29 14:14:49,KE,213381616,56600,329,2025-12-27 07:24:13.797691
UC0Xx4uYxO5z0P3sh4myrtiQ,Shiv_Ansh Thakur,Life is too short......😊😊sooo Enjoy every moment of your lyf😊😊.....👍🏻👍🏻🙏🏻🙏🏻,2022-10-12 06:00:16.612677,IN,50617,64,120,2025-12-27 07:24:13.797705
UC1CVt1zM19pgBTZuOYGOs5A,The Punjab News,"This is a Quality You Tube Channel
We will provide Breaking news ,Today News, daily news

ਇਸ ਚੈਨਲ ਤੇ ਤੁਹਾਨੂੰ ਸਰਕਾਰੀ ਸਕੀਮਾਂ, ਨੌਕਰੀਆਂ ਦੀਆ ਖਬਰਾਂ, ਹਰ ਰੋਜ ਦੀਆਂ ਤਾਜ਼ਾ ਖਬਰਾਂ ਮਿਲਦੀਆਂ ਹਨ 
ਧੰਨਵਾਦ 
",2019-02-20 04:31:54,IN,108883872,559000,3206,2025-12-27 07:24:13.797721
UC1ggpV6_CuZ-chQCenNL_Gg,Deepen,"Deepen.AI  The Next Evolution

AI is breaking everything we thought we knew.
This channel explores the rise of intelligent systems, robotics, and emerging technologies that are reshaping how the world works.

Each video includes original analysis, editorial context, and narrative explanation added to the footage shown,  focusing on what is happening, how it works, and why it matters.

We document the future day by day: real AI developments, robotics breakthroughs, unexpected failures, and tools that feel like science fiction, explained with clarity and intent.

Subscribe if you want to understand where technology is actually heading.

⬇️ Grab your FREE 100+ AI Prompt Anatomy pack designed to brainstorm, create, and scale ideas faster.
https://deepenai.beehiiv.com/
",2025-03-17 06:30:50.610203,GB,80223788,42300,173,2025-12-27 07:24:13.79773
UC0_gmt16V38_wcbz5znaJYw,Anime Tamil Voice Official,"",2025-08-10 01:28:34.422107,,6126456,62200,548,2025-12-27 07:24:13.797739
UC0z446VntFL67y-GcC0kWWQ,ӅɆƁ🦁2264,https://www.youtube.com/@Lev.03 ﷽╟☪♠ӅɆƁ♠☪╢﷽,2018-09-02 12:36:05,,208159591,286000,553,2025-12-27 07:24:13.797751
UC0PPtkKtB47CO_YWlf7l1cA,Amineyt,"Hello Friends 🔥
Welcome To My Channel ",2025-07-24 04:38:20.665124,IN,15414,11,73,2025-12-27 07:24:13.79776
UC1LhehcK1DosffYIZkQeiRg,CrimeTubeGlobal,"Real Videos. No AI or Scripted Content. Real Crimes, Real Arrests, Bodycams, Interrogations. CrimeTubeGlobal delivers unfiltered, boots-on-the-ground criminal justice content. Our platform showcases authentic field encounters, high-risk arrest operations, and raw investigative footage sourced from real-world law-enforcement scenarios.",2025-11-20 20:13:37.215716,,155663080,52400,44,2025-12-27 07:24:13.797775
UC13kIa4SG1PBgQKzMWRrDcA,Rbrain Project,Selamat datang di Rbrain Project ,2019-08-23 09:03:49,ID,8512353140,2030000,1777,2025-12-27 07:24:13.79779
UC1HuzI97H8M5bI3Wl6wKdvA,Vatican News - Tiếng Việt,"Kính chào quý vị đến với kênh chính thức Vatican News - Tiếng Việt, cơ quan truyền thông thuộc Bộ Truyền Thông Toà Thánh.
Website: https://www.vaticannews.va/vi.html
Liên lạc: tiengviet@vaticannews.va

Những hình ảnh được đăng trên kênh này là sản phẩm của Bộ Truyền Thông hoặc thuộc quyền sở hữu của Bộ này.
Do đó, mọi hình thức sử dụng những hình ảnh này bởi bên thứ ba đều bị nghiêm cấm, trừ khi được cấp phép rõ ràng bằng văn bản.
",2015-11-23 14:38:09,VA,74590632,252000,7273,2025-12-27 07:24:13.797802
UC1T8FuEZN0SS21U1ujJpx6Q,Arpi Geng,"",2025-11-07 10:02:52.274711,US,5546245,8820,31,2025-12-27 07:24:13.797816
UC04i9qClprryy8cZvHqHD1A,BlockChaos,"Roblox prison chaos.
Funny moments, fails, and insane situations.
BlockChaos.🫠",2025-12-20 18:46:40.410092,US,24708,38,14,2025-12-27 07:24:13.79786
UC0idqvz0X6K5lhPi2Ub9Nvg,TUSHAR VAISHNAV 18,"JAY SHREE RAM 
HELLO FRIENDS 
MY NAME IS TUSHAR
 I will keep showing you cricket shots, vlogs and cricket training videos",2025-12-01 10:57:22.22161,IN,31159,46,30,2025-12-27 07:24:13.797902
UC02xcofOVjA3TVO9hr_fAJw,Bardhaman News TV,"আমারা সঠিক খবর যাচাই করার পর পোস্ট করে থাকি। 



FOR BUSINESS PURPOSE:





_______________Bardhaman News TV______________",2024-03-04 16:57:24.431763,IN,21544837,132000,644,2025-12-27 07:24:13.797917
UC0w-wbOGBV9yvdFaw5hZxVA,Sounds MMA,Breaking down Boxing and MMA fights and explaining it in the simple ways!,2023-05-10 07:39:31.111399,US,317379172,299000,699,2025-12-27 07:24:13.797939
UC105kPM7BL-qWAzzm13E4bw,G-MEDIA,"Музыкальный лейбл 
Digital Дистрибьютор
По вопросам сотрудничества +7777 171 5312
gmedia.almaty@yandex.ru",2017-06-22 15:22:42,KZ,555831,933,45,2025-12-27 07:24:13.797954
UC1a2ZCw7tugRZYRMnecNj3A,Celine Dept,"Subscribe For New Videos Every Day ⚽️⤵️

Hi, my name is Celine & I love football! Welcome to my channel where you'll see all kind of challenges! Enjoy 🥳",2023-05-03 20:46:34.789205,BE,48591832466,53200000,1918,2025-12-27 07:24:13.797967
UC0KYcMjlFq08UjK2cWkB9Cg,야쏭,"야구 응원가를 즐기기 가장 좋은 채널 야쏭입니다



📧 비즈니스 문의 : baseballssong@gmail.com
instagram : @y4ssng
",2019-03-26 13:50:12,,58246084,42100,890,2025-12-27 07:24:13.797981
UC0g7R-oqBXYZDIE8yPgT6rA,Bangladesh Pratidin,"This channel is the official audio-visual platform of the Daily Bangladesh Pratidin, highest circulated Newspaper in Bangladesh . Here you can find news update, investigative reports, analysis and interviews.
",2022-10-05 06:19:30.077482,BD,513635976,1170000,19977,2025-12-27 07:24:13.797992
UC0Mza-A-eNVwHtjTg8jW2AQ,GoBeast Uttam,"Hello Guys, We create and upload  videos to entertain the world 🌍 

Please make sure to SUBSCRIBE our channel to make your world more exciting and joyful.

Follow our Facebook Page - 
https://www.facebook.com/uttam.karmakar.376?mibextid=ZbWKwL

Instagram - https://www.instagram.com/goprouttam?igsh=eTBsZncydnZ6MWFt

Twitter- twitter.com/@UTTAM6103",2016-04-02 19:01:19,,118292876,30600,196,2025-12-27 07:24:13.798004
UC13v9p81FlbC_A9lln6YnJg,MrRegere,"",2010-03-01 19:10:27,RU,63711446,47400,6096,2025-12-27 07:24:13.798015
UC0dFM1iWAh8QqArhtIdSCcA,HamaSamaKun,"For business inquiries email:
contact.hamasamakun@gmail.com
",2014-07-18 00:25:11,US,362721810,274000,2497,2025-12-27 07:24:13.798027
UC0N52uc_WDpqI5-0y4X03Yw,HistorAis," a channel where you can relax, watch, learn everything and anything. 

All content published on this channel is original and created by me.
For questions, copyright concerns, or business inquiries, contact: aisensagynbaev@gmail.com",2025-12-25 11:15:20.056325,US,6664,5,4,2025-12-27 07:24:13.798039
UC-3sjgPrG5wk_Ej-jfwGwIQ,TimeSBD News,"TimeSBD News: This channel is made by timebd news,timebd news,bangla news today,news today,bangla news,bangla news live,latest bangla news,jamunatv,ajker bangla khobor,ajker khobor,bangla news update,bangladesh news,khobor,bangla khobor,updated news,bd news,bdnews,ajker news,ajker khabar,ajker bangla news,আজকের খবর,এইমাত্র পাওয়া খবর,taja bangla news,bbc news,বিবিসি বাংলা খবর,bbc bangla news,এইমাত্র পাওয়া,আন্তর্জাতিক সংবাদ,antorjatik khobor,আন্তর্জাতিক খবর,bangladesh

Please Subscribe my channel for all bangla news video.

thanks for subscribe my channel.
",2024-09-01 06:07:18.435654,US,76960349,274000,741,2025-12-27 07:24:15.925025
UC3-MllDQHkfppuFhJ7Kniag,Look Art Saloon,"Welcome to Look Art Saloon – your ultimate destination for all things beauty and style! Whether you're looking to refresh your look or dive into the latest trends, our channel brings you expert tips, tutorials, and behind-the-scenes footage from our vibrant salon. From hair transformations to skincare secrets, we’re here to help you feel your best inside and out. Subscribe and join the Look Art Saloon family, where beauty meets creativity!  For promotion ( 8528160680 )",2019-01-07 09:16:56,,337149897,143000,208,2025-12-27 07:24:15.925055
UC3cuL-fHGaqqGsWCsP_z2ZA,Yadhy Movie,"The video content included in my videos serves the sole purpose of conveying a message and a voiceover to the audience. To the best of my understanding, its use falls under fair use guidelines, specifically within the realms of reviews and commentary. I have no intention to infringe upon anyone's rights.

For inquiries, removal requests or business, contact me at wenwenge82@gmail.com.me

When I include scenes from movies in my videos, it helps the original creator by introducing their work to new audiences. Viewers often want to watch the whole movie, which benefits the creator.


Under section 107 of the Copyright Act 1976, allowance is made for “fair use” for purposes such as criticism, comment, news reporting, teaching, scholarship, education and research.
",2025-09-03 05:51:24.581517,US,3130302,1790,4,2025-12-27 07:24:15.925063
UC2SfDJ9EeB7l4Kd4zBLoWxw,EMAI STUDIO,"Your Perfect Edml Soundtrack 🎧
👉Hit play. Let the music flow.
▶️ Please Subscribe: /@relaxedmvibes1
🔔 Turn on notifications
❤️ Like • 💬 Comment • 🔁 Share


🌿 Perfect for moments like:

☕ Sipping coffee
🧠 Deep focus & productivity
🚗 Driving to work
🌙 Winding down before sleep
📚 Studying
✨ Or simply breathing in the moment

These tracks are crafted to elevate your mood and keep your mind calm and relaxed.


---

⚠️ Disclaimer

🎵 Music generated with Suno AI
✍️ Concept, track selection & arrangement by Relaxed M Vibes
🚫 This audio is not enrolled in YouTube Content ID
📌 Used in accordance with the applicable license


---

🎧 Playlists curated for your soul

#EDM #ChillEDM #RelaxEDM #LoFiEDM #FutureBass #Chillout
#ElectroPop #DeepHouse #TropicalHouse #EDMPlaylist #ElectronicMusic",2025-05-09 03:45:16.756853,ID,3811,33,22,2025-12-27 07:24:15.92507
UC3YmtHQmTUSuLiheV__t5gA,Anime shorts,"Anime edits /shorts 

so close to 15k ",2022-04-23 08:49:17.60401,,10079069,18400,775,2025-12-27 07:24:15.925078
UC3BKtnVmGEKOhJyH-Plre9Q,Ylilyönti Studio,"Ylilyönti-Podcastin äänitorvien Jaakko Dahlbackan ja Jani Mesikämmenen videokanava. Kaikkea kivaa kamppailun maailmasta. Tervetuloa!

Haluatko tarjota Ylilyönnin työukoille kahvia? 
https://buymeacoffee.com/ylilyontistudio
",2019-01-27 14:57:20,FI,4686421,12000,601,2025-12-27 07:24:15.925085
UC3jdR_gybsGfVTDrtQz7izQ,RadioandMusic,"Radioandmusic is India's first and only online news portal that reaches out to every realm of radio and music industry.  From intriguing interviews and fun segments with top-notch musicians, RJs, global DJs and the unheard gems of Indian Folk, to some insightful chats with innovators and business heads, Radioandmusic's YouTube channel has videos, collated for global music and radio fans. Our subscriber family is growing with every musical beat and note and we aim to provide our viewers with exceptional visual entertainment. 

Come be a part of Radioandmusic clan to experience the best from the industry and for an interesting musical experience.",2009-03-10 11:01:20,,170820048,239000,854,2025-12-27 07:24:15.925092
UC2s8eMk1QNhLDRq2y25GSWw,Meihui An,"new video is OUT🫶
Welcome to my channel 🤍
I create YouTube Shorts and long-form videos featuring celebrity moments, classical piano performances, piano covers, vlogs, travel vlogs, and honest life & college advice.

Here you’ll find:

🎹 Classical piano & pop music piano covers
⭐ Celebrity Shorts & trending pop culture
🎥 Lifestyle, daily, and aesthetic vlogs
✈️ Travel vlogs & city life
💭 Real, relatable advice

🚀 WHY SUBSCRIBE
Subscribe for:
Subscribe for trending content, music, and stories you’ll want to come back to ✨
New videos and Shorts uploaded regularly — turn on notifications so you don’t miss out ✨

I DO NOT POST AI CONTENT
",2017-08-01 01:22:43,US,1314840,554,23,2025-12-27 07:24:15.925099
UC2hoZf8JBdv7I5auvKxD9hg,AniDal,"Hey! I create fast-paced, high-quality anime shorts that combine the best moments, cuts—epic fights, emotional scenes, iconic lines, hilarious moments, and everything in between.

If you love anime subscribe and join me on this journey! ❤️
",2022-12-31 13:01:42.385472,,7021582,46800,21,2025-12-27 07:24:15.925105
UC3fAa8dxyd4h32u7P7u9duw,Cutie Stitch Shorts,"Welcome to Cutie Stitch Shorts 💜  
We create adorable and funny Stitch-inspired mini animations!  
Fun, cute, chaotic – all in 5–8 second episodes.  
New shorts every day!  
Subscribe for more cute alien moments and positive vibes 💫",2025-11-16 12:04:09.886892,US,49681,48,70,2025-12-27 07:24:15.925285
UC3tTlzPhmDXKa9od6itzkRg,Kusum Home Kitchen,"",2021-02-16 02:47:27.428414,,37509849,35100,691,2025-12-27 07:24:15.925292
UC42M4HAGNrAXlrEFt34YbbA,神父与修女,"欢迎来到我的频道，在这里我们分享神父和修女的故事。
我们的目标是通过分享他的教诲来激励他人，并提醒我们他无条件的爱的力量。
我们努力传播积极向上的精神成长。
请注意，我们尊重所有的信仰，无意批评或冒犯任何人。
如果你不喜欢这里，我们希望你能理解，因为我们的目标是尊重他的信息。
我们的通道只寻求引导他人走向善良和信仰。
所有内容均受版权保护。任何未经授权的使用将导致法律诉讼。感谢您的支持！每个人都必须是一个有爱心的人。谢谢你关注我的频道。
",2025-04-24 19:25:11.783253,HK,4914215497,4100000,1533,2025-12-27 07:24:15.925113
UC3fKYqRqWubAZgwnJA0APjQ,Anime Quick,"Subscribe For More Anime Content :) Hello Welcome to my Anime World 🌎 I'm New of this YouTube ▶️ I will be making some Anime Clips Edit 👌 ""If I making a mistake, please forgive me""🙏 Don't Forget to Like and Subscribe to my Channel 👍 I will try my best to upload some video Thank you ✌",2025-01-11 13:18:23.881718,PK,1833011699,1170000,464,2025-12-27 07:24:15.925119
UC3eqnhSyahUyFvjeIAClgCQ,Candy Anime,"PLAYIST@HL0EYH
Cooperation: aq1668aq@gmail.com
",2024-09-23 11:03:49.684088,,5532503,4120,595,2025-12-27 07:24:15.925126
UC2jn3ZWtA770T-KAGnXbkvA,Shadow Gaming zone,"",2025-12-22 10:35:34.379969,,1562,12,4,2025-12-27 07:24:15.925132
UC2yrTQrgzB-SX1Gbz9za1uQ,มุมเพลง,"ช่องนี้สร้างวิดีโอ AI สมจริงแนวภาพยนตร์ สารคดี และคลิปสั้น (Shorts)
เนื้อหาเกี่ยวกับสงคราม การทหาร เทคโนโลยี และฉากสมจริงระดับภาพยนตร์

This channel creates AI-generated videos, cinematic visuals, short-form content (YouTube Shorts),
realistic war simulations, military-themed visuals, and documentary-style storytelling.
Focused on realism, cinematic atmosphere, and immersive visuals.

ใต้ธงไตรรงค์ศักดิ์ศรี เหนือผืนปฐพีคือหน้าที่ ทหารไทย...หัวใจนักรบ
ไม่ใช่แค่เครื่องแบบ แต่คือชีวิตจิตวิญญาณ ที่ยืนหยัดปกป้องผืนแผ่นดินไทย
ทุกหยาดเหงื่อคือคำสัญญา ทหารไทย...ผู้ไม่เคยทิ้งชาติ
",2020-10-29 03:37:58.164515,TH,189516577,119000,417,2025-12-27 07:24:15.925139
UC2ZpjofkGy1-nHZ6QbPbvew,DJ LEV,"DJ LEV 🔥 CLUB MUSIC 🫶

A Popular DJ & Sound Producer In The CIS 🤩

Club House | Tech House | G-House
Electro House | Bigroom House | Pop Dance",2016-08-17 08:40:13,,99301495,62200,574,2025-12-27 07:24:15.925146
UC_226ocwA3qmdpY2umXy9bA,コスメヲタちゃんねるサラ,"コスメヲタです。
よろしくおねがいします！

ポーチのリンクはこちら！↓
コスメヲタちゃんねるサラが本気で作った! 進化版持ち運べるドレッサーポーチBOOK 
https://amzn.asia/d/bNZLkAj

【VAZ所属】

サラ
twitter @saraparin
Instagram @sara_parin 
TikTok @saraparin

ダイスケ(夫)
★twitter 
https://twitter.com/daisuke_coswota
★Instagram 
https://instagram.com/daisuke_coswota


↓ファンレター、プレゼントの宛先
株式会社VAZ
〒104-0061
東京都中央区銀座4丁目2番15号
塚本素山ビル2階
コスメヲタちゃんねる サラ宛
",2015-05-02 21:00:27,JP,2209616677,1490000,2121,2025-12-27 07:24:15.925154
UC2Hu7f12PZZDXc9drmcn9RA,public like-1,"🌍🔥 Welcome to our channel where we bring you the latest **News from Bangladesh**! In today’s episode, we dive deep into the recent events shaping our vibrant nation—from political developments to cultural celebrations. 🗞️💬 Whether it’s the latest government initiatives or heartwarming human stories, we cover it all! Join us as we unpack the facts, share expert insights, and hear voices from across the country. 🗣️❤️ Don't forget to hit that subscribe button and turn on notifications so you never miss out on the hub of urgent and uplifting **Bangladesh news**! 📅💥 Your go-to source for everything happening in Bangladesh!",2025-08-31 12:24:39.16904,BD,9877781,9610,514,2025-12-27 07:24:15.925161
UC3MwMZzsHNs9Pvxe3s0PPbw,Roo Paul,"Welcome to my little world.🌻 Here to romanticise my life with every little things I do🎀. If you are reading this, don't forget to press the ""subscribe"" button♥️.

For work contact  - workspaceofroo@gmail.com
",2024-01-16 14:12:22.853358,IN,399345451,372000,551,2025-12-27 07:24:15.925167
UC2BADTx0iCmIuD7s8WNOnCw,Real Abdul Shorts,"Assalamualaikum Dosto Mera Naam Hai Abdul Rahman Or Apka Mere Channel per Swagat Hai apko Me Acche Or Education short Provide karunga So Stay Connected 

Thanks 👍 

All Videos Are Entertainment Or Educational Purpose Only 

Business Promotion Contact Email homefarhans700@gmail.com",2024-05-18 12:40:32.099372,,92201578,62500,309,2025-12-27 07:24:15.925174
UC34kBdi2Z2FbzNeLFMziiOA,CoupleCrayz,"🔥 CoupleCrayz – मज़ेदार कपल्स की दुनिया में आपका स्वागत है! ❤️😂

यहाँ आपको मिलेंगे ऐसे Couple Edits, जो दिल भी छू जाएं और हंसी भी ला दें! 🎬
हम लाते हैं आपके लिए सबसे मज़ेदार, प्यारे और थोड़े twist वाले Couples Videos जो हर दिल को छू जाएं 💑

चाहे हो प्यार भरी नोक-झोंक, हो मजेदार Romance या हो मजेदार Trolling – यहाँ हर Couple Moment को दिल से Edit किया जाता है ❤️✨

🎯 हम रोज़ाना डालते हैं अलग-अलग Couples के Trending और Viral Edits –
तो चैनल को Subscribe ज़रूर करें और घंटी 🔔 दबाएं!

🙏 धन्यवाद आपका – आपका साथ ही हमारी प्रेरणा है!
#CoupleCrayz #FunnyCouples #CoupleEdits
",2025-07-24 02:45:55.865495,IN,603045517,283000,795,2025-12-27 07:24:15.92518
UC2ut_DrUZvO0BzUxZ_g9fXQ,Lokshahi Marathi,"ऐका... पाहा... जागरुक राहा... #lokshahimarathi #lokshahi #lokshahinews 
Advertisement Number - +91 97736 98172

Lokshahi Marathi News Channel is the authentic source for comprehensive news coverage. We always ensuring that information is correct and reliable. Lokshahi Marathi Channel deliver breaking news, in-depth analysis, and insightful commentary on local, national, and international events. Our expert team is committed to provide all latest updates of entertainment, sports, politics, crime, business, science and technology and all other categories too. Providing balanced perspectives and giving all relevant sides a voice. Tune in for the latest updates, expert interviews, and special reports that matter to you a lot.

",2019-10-03 12:42:48,IN,1223268673,1870000,261711,2025-12-27 07:24:15.925187
UC2O2A6k4-FwvFbQ8rVG5EIg,五条先生の反応集【呪術廻戦】,"気軽に見れる呪術廻戦の反応集動画を作っています。
もしよろしければコメントを頂けると嬉しいです！

【引用させていただいている作品】
・呪術廻戦
芥見下々 様(著)／集英社発行『呪術廻戦』
芥見下々 様(著)／集英社発行『週刊少年ジャンプ』
MAPPA 様


",2022-01-18 23:47:34.724275,JP,742037382,164000,548,2025-12-27 07:24:15.925193
UC21CWNbgiZhbNhNP2E4C_JA,Vijay Education & News,"VIJAY EDUCATION ऐप डाउनलोड करें 👇 Helpline 8302199394
👉 BSC नर्सिंग Entrance Exam तैयारी
👉 BPT CUET NEET NORCET CHO ANM GNM
👉 B-PHARMA & D PHARMA
👉 Peramedical Course BMLT BRT BOT
👉 हिंदी एवं अंग्रेजी दोनों माध्यम में ऑनलाइन तैयारी
👉 Helpline 9828721229 , 9672721229 , 9649721229

 ALL  STATE:- AIIMS || RUHS राजस्थान || CNET उत्तरप्रदेश || बिहार BCECE  || MP PNST 
छत्तीसगढ || उत्तराखण्ड ||  PGI हरियाणा || PUNJAB || MAHARASHTRA
---------------------------------------------------------------------------------
Social media accounts:-

👉telegram channel:-
https://t.me/vijayeducation

👉Facebook channel:-
https://www.facebook.com/VIJAYEDUCATIONNEWS/

👉Instagram channel:-
https://www.instagram.com/vijay_education_official

👉WhatsApp channel:-
https://whatsapp.com/channel/0029VaBYhjAHwXb5pqg1tO3S

👉Website Vijay education:-
https://vijayeducationnews.com
-----------------------------------------------
Owner
👉 Mr.Vijay Kumar Pooniya
Biology lecturer
E-mail - vijayedu.news@gmail.com
9828721229
",2017-10-14 11:24:39,IN,216664860,1130000,8552,2025-12-27 07:24:15.9252
UC3-JLGJpMKwymQoRFJMkgSg,Plantão Brasil (Thiago dos Reis),"Canal do Plantão Brasil no YouTube. O Plantão Brasil é um dos maiores sites de esquerda no Brasil, no ar desde 2013.",2017-04-11 01:48:33,BR,1624221046,1940000,15208,2025-12-27 07:24:15.925206
UC2XSG1Jus6BlWCXyzDq8Pqw,Sporting Spirit Youth Club (Academy),A sports organisation with a aim too inspire youth towards sports #cricket #football #indoorgames #sports club,2023-09-04 02:08:46.290604,IN,1131060,1010,1243,2025-12-27 07:24:15.925212
UC35XU9vLKFDh2RxDOP3Cupw,Mere Pas Cinema Hai,"imagination comes true.... 
MerePasCinemaHai
About  Channel | Disclaimer
This channel features AI-generated content created using artificial intelligence tools for entertainment, creativity, and experimental storytelling purposes only.
All videos, visuals, voices, and scenarios are entirely fictional. They do not depict, reference, or represent any real person, community, religion, organization, event, or belief. Any resemblance to actual individuals or situations is purely coincidental.
This content is not intended to harm, offend, mislead, or influence opinions. It does not promote hate, violence, extremism, misinformation, illegal activity, or discrimination, and it is not directed against any nation, government, or institution.
The channel does not claim factual accuracy or real-world authenticity. All material should be understood as AI-generated content.
Viewer discretion is advised. If any content does not align with your preferences, you are free to choose not to watch.

",2017-07-08 13:06:13,IN,63692969,31200,200,2025-12-27 07:24:15.925219
UC3Bk8JyB7DS7GQqNX9uLG9w,Gram Short 1M,গ্রামের কিছু দেখতে চাইলে subcribe করে পাশে থাকুন ধন্যবাদ,2025-03-11 06:13:30.836529,BD,423015383,332000,519,2025-12-27 07:24:15.925225
UC2zvYA-I_HtKfQnjNGY2VFA,Syiar Nada,"Syiar Nada adalah channel YouTube yang  mempersembahkan karya-karya musisi untuk para penikmat lagu, khususnya lagu-lagu Religi dan juga Shalawat. Semoga dengan adanya channel ini, bisa memberikan suguhan yang menghibur dan membuat hati menjadi tenang dan damai. Aamiin. 

Syiar Nada 
Go find us at ! 
Instagram : https://www.instagram.com/syiarnada_official
Office         : Cibubur Point Automotive Center Blok B No 10 , Jl. Alternatif Cibubur,Transyogi.

Contact us for : 
Artist Management: 0857-1725-5758 
Office : (021) 8431 1135
",2016-02-09 04:12:43,ID,169815239,3140000,206,2025-12-27 07:24:15.925231
UC1YJPs0-2g6eiEiYanv0T1A,呪術廻戦名場面ショート,"",2025-08-19 04:45:25.38117,JP,56184319,6540,28,2025-12-27 07:24:15.925246
UC_3bjIe9R0QxFeo_LmEKdLg,Susheel Kumar,Hello दोस्तों स्वागत 🙏हैं आपका हमारे youtub chanal पर pless support me postcards देखने के लिए हमारे chanal को subscrib करे like kre coment kre video को ज्यादा se ज्यादा शेयर kre  pless suport me 🙏🙏,2025-10-16 06:01:18.978571,IN,16743216,9530,139,2025-12-27 07:24:15.925253
UC3FcRIKFhHgJ0sDrGro0dwA,Simon Music,"🇦🇿 Azərbaycan

Simonaz Music – Azərbaycanca musiqilərin Tekminləşdirib  yenidən yaradıldığı, remiks və instrumental versiyaların paylaşıldığı kanal.
Yeni nəğmələr və duyğulu səslənmələr üçün abunə olun.

Kanal artıq ingiliscə, türkcə və rusca mahnıların da remiks və instrumental versiyalarını təqdim edir.
Qlobal musiqi, yeni aranjemanla və beynəlxalq səslənmələr üçün abunə olun.

🇹🇷 Türkçe 


Ayrıca kanalda İngilizce, Türkçe ve Rusça şarkıların remiks ve instrumental versiyonları da paylaşılır.
Uluslararası müzik deneyimi ve yeni düzenlemeler için abone olun.

🇬🇧 English 


The channel also features English, Turkish, and Russian song remixes and instrumental reinterpretations.
Subscribe for international music, modern arrangements, and a global sound experience.

🇷🇺 Русский 


На канале также представлены ремиксы и инструментальные версии английских, турецких и русских композиций.
Подписывайтесь, чтобы слушать международную музыку и современные аранжировки.",2025-11-30 09:21:11.125157,,143459,329,22,2025-12-27 07:24:15.925259
UC1_Y7vWrGQybjVTZJ4E720g,Movie Loop,"Daily short movie updates! From timeless classics to hot new releases! Perfect for movie fans who want quick, spoiler-free summaries. Don’t miss out on epic reviews!

",2016-03-16 13:37:52,US,49624201,17500,31,2025-12-27 07:24:15.925266
UC3OuQHDTc6TcA0O_Hq83BMg,Amrita News,"Amrita News YouTube channel brings you all the news and current affairs programs that are being aired on Amrita TV. 
They included news clips, full episodes of news and current affairs programs, health news, Middle East news, etc.

Launched on April 14, 2005, Amrita Television  offers a wide array of programs in various genres like entertainment, spirituality, news and current affairs, etc., and introduced revolutionary and path-breaking entertainment packages to create a difference in the television industry through its wide variety of programs. Among them, there are many firsts that became a model or forerunner for other television shows to come.
Subscribe & Watch Now!

",2017-03-30 11:18:02,IN,115457402,223000,43718,2025-12-27 07:24:15.925273
UC2PMK9qXW0AsKssf8SPsJ8g,Singkat Sinema,"📽️  Singkat Sinema – Alur Cerita & Review Film dalam durasi singkat 🎬

Selamat datang di Singkat Sinema. Tempat terbaik untuk menikmati alur cerita film secara ringkas dan singkat. Kami menghadirkan rangkuman alur film, review, dari berbagai genre—mulai dari aksi, horor, fiksi ilmiah, hingga drama.

🔥 Apa yang kamu dapatkan di channel ini?
✔️ Ringkasan alur film yang seru dan mudah dipahami
✔️ Review film terbaru dan rekomendasi terbaik

For business only [ ssbrangkas@gmail.com ]

Disclaimer:
The video content included in my videos serves the sole purpose of conveying a message and a voiceover to the audience.  To the best of my understanding, its use falls below fair use guidelines, specifically within the realms of reviews and commentary.  I have no intention to infringe upon anyone's rights. 

#alurfilm #reviewfilm #sinopsisfilm #ceritafilm #filmterbaik
",2025-03-10 08:45:40.591491,ID,3904504032,2280000,369,2025-12-27 07:24:15.925279
UC2qRBlZ9Zl0uN6RBuUjRHzA,Veera Dhanush Vip,"𝗩𝗲𝗲𝗿𝗮 𝗗𝗵𝗮𝗻𝘂𝘀𝗵 𝗩𝗶𝗽 𝟮.𝟬
𝐓𝐫𝐞𝐧𝐝𝐢𝐧𝐠 𝐃𝐢𝐠𝐢𝐭𝐚𝐥 𝐂𝐫𝐞𝐚𝐭𝐨𝐫 💻
ᴄɪɴᴇᴍᴀ/ꜱᴩᴏʀᴛꜱ/ᴩᴏʟɪᴛɪᴄꜱ/ᴍᴏᴛɪᴠᴀᴛɪᴏɴ ᴇᴛᴄ...",2023-09-18 11:45:58.95075,IN,446707089,231000,659,2025-12-27 07:24:15.925299
UC2P5Fd5g41Gtdqf0Uzh8Qaw,Rtv News,"#RtvNews #News #RtvExclusive #ExclusiveNews
» Subscribe to Watch more Rtv News: https://www.youtube.com/RtvNews
» Read more Rtv news: www.rtvonline.com  

Rtv News is a collection of innovative and powerful news brands that deliver compelling, diverse and engaging news stories. Rtv News features Rtvonline.com and the existing apps and digital extensions of its respective properties. We deliver the best in breaking news, live video coverage, original journalism and segments from your favorite Rtv News Shows.

Download Rtv official Apps! 
Andriod: https://play.google.com/store/apps/details?id=com.mcc.RTV
iOS: https://apple.co/2mah2QP

Office Address:
BSEC Bhaban (Level 6), 102 Kazi Nazrul Islam Avenue
Kawran Bazar, Dhaka – 1215, Bangladesh
Tel: +880-2-55013511-15
",2016-09-20 04:14:21,BD,5557310207,10600000,174573,2025-12-27 07:24:15.925305
UC376n347Ob5Lwzq2WGzF1AA,SBT News,"O FATO COMO ELE É. 

Notícias e análises do Brasil e do Mundo 24 horas por dia. Acompanhe o SBT News nas TVs por assinatura Claro (586), Vivo (576), Sky (580) e Oi (175), via streaming pelo +SBT, Site e YouTube, além dos canais nas Smart TVs Samsung e LG.
",2011-08-22 14:57:27,BR,5549300155,7690000,119396,2025-12-27 07:24:15.925311
UC2qkcv3NvWo-kyosiLTDAGg,Nguyễn Chí Thanh,"Tôi là Thanh
( cứ gọi là Thanh Đẹp Trai )
Tôi thích làm video nhưng cần có ngẫu hứng để sáng tạo nên thời gian ra video hơi lâu, hy vọng các bạn sẽ giúp tôi thực hiện ước mơ bá chủ Youtube Thế Giới.
Yêu các bạn 😘

Nhận tất cả các loại Quảng Cáo
SĐT: 038.402.9998
Mail: kuchuoi0011@gmail.com 
Instagram: https://www.instagram.com/toila.nct/
Fb: https://www.facebook.com/NCT26062002",2020-04-28 13:48:31.33375,VN,1031848396,2820000,344,2025-12-27 07:24:15.925318
UC32tBPw_N5PBnxvCtw05MGw,Deep dehati masti time,"Deepdehati vlogs में आप का स्वागत हैं(need your help) 
दोस्तों आप से एक विनम्र निवेदन है कि,आप इस गरीब भाई के ऊपर दया दृष्टि दिखा कर आशीर्वाद देने की कृपा करे
                                                                      मैं दीप चंद प्रजापति ग्राम लखनियां,जिला अंबेडकर नगर का रहने वाला हूं,  मैं हर वक्त आप प्यारे दोस्तो के सपोर्ट में खड़ा रहता हूँ 
                                                        
         
Plese support me 

भाई लोग हम्हू के सपोर्ट करी जा 

https://www.youtube.com/@Deepdehativlogs",2024-02-18 09:32:08.771402,IN,8131083,22300,2865,2025-12-27 07:24:15.925324
UC44kIxtlwt7ZzSv_XNqXgpw,The Hide Phonks,COMEBACK WITH NEW CONTENT 💀🙏 HAR HAR MAHADEV 🙏,2020-12-31 13:27:51.803824,,21324433,141000,154,2025-12-27 07:24:15.925331
UC-3LY8KJuNQJGUiHkr51Scw,PureHealth 🌱,"Wellness Bits 👨🏻‍🔬

PureHealth☘️

Here we talk about how food and care affect your health, mood and beauty.

What to eat to make the skin shiny? How to relieve stress without pills? What products really rejuvenate? All this without complex terms - only working tips and products, proven by research and practice.

Enhance the effect not only from the inside, but also from the outside🥦.

Welcome to our health & wellness channel.
Here you will find simple and visual content about healthy habits, body balance, relaxation, and everyday wellness. 🥼🩻

Our videos are created to help you:
•	reduce stress 🧠
•	relax your mind and body 🫀
•	build healthy daily routines 🧬
•	improve overall well-being 🚑
•	what you should do and what you should not do for your health 👨‍⚕️
•	simple health life hacks 🦠
•	healthy vs unhealthy habits 💊
•	how we damage our health in daily life and how to avoid it 🏥 🔍

Subscribe and take care of your health every day. 🌿",2025-12-14 07:53:02.646243,,94734,86,35,2025-12-27 07:24:15.925338
UC-2ita27REzLtDYnObKICgA,naksh musics 485,"All videos are made with original commentary and voiceover 


Copyright Disclaimer: - Under section 107 of the copyright Act 1976, allowance is mad for FAIR USE for purpose such a as criticism, comment, news reporting, teaching, scholarship and research. Fair use is a use permitted by copyright statues that might otherwise be infringing. Non- Profit, educational or personal use tips the balance in favor of FAIR USE.",2025-02-10 08:02:12.909018,IN,6877370,7640,241,2025-12-27 07:24:15.925362
UC3WuzHYqoG-9vZa7e3H_Yfw,Pickabi,"hey! I'm Pickabi
Welcome to the Girls 🆚 Boys trend war 🚨
Shorts packed with dance challenges, reactions, fashion, moves, and playful rivalry.
No drama — just fun, vibes, and viral energy.
Comment your team & stay tuned for daily Shorts.

Subscribe & Join the Battle ⚔️
Support your team ❤️ Vs 💙 

",2025-09-27 06:02:34.287274,,29856923,17300,77,2025-12-27 07:24:15.925392
UC3epIVVRArb_m-65JYHXJag,知られざる日本の輝き,"
",2023-09-14 12:43:50.403706,JP,158324559,50500,165,2025-12-27 07:24:15.925401
UC423x7hCoISDYI19LKRwDWw,TSN English,"TSN covers international news and more: the situation in Ukraine, Trump's new decisions, the actions of the European Union, the UK, Canada, Russia and China.
Subscribe to be the first to see our latest videos.
",2025-05-30 07:40:43.444872,US,11083465,30600,1586,2025-12-27 07:24:15.925407
UC223EXARwxVHBpscpLyPyWw,BlinkToon,"The official #Blinktoon YouTube account➣
Watch your favorite BL & Romance animated webtoons!
@blinktoon Official Links below👇
",2025-02-25 09:33:22.766582,US,2793469,11600,424,2025-12-27 07:24:15.925414
UC2wm34k_xura6jgpz-YQ2-A,CatWorld),"",2025-12-12 11:35:23.235595,US,83548,21,10,2025-12-27 07:24:15.92542
UC2aqmsaS8JU0kUZr86Jzq7A,Inconnect News,"Welcome to our channel, where news meets infotainment! We bring you daily audio-visual updates on geopolitics, international relations, sports, science, space, defense, military news, and much more. Our 2 to 5 minute videos are the perfect blend of factual information and fun, keeping you informed without wasting your time. Join us as we explore the world and bring you the latest news from the Indian Subcontinent and beyond!

#news #infotainment #geopolitics #defence #defencenews #IndianDefenceUpdate #IndianMilitary #India #IndianArmy #IndianAirForce #IAF #IndianNavy #worldaffairs #currentaffairs #latestnews #englishnews #IndianEconomy #IndiaEconomy #IndiaChina #IndiavsChina #ISRO #IndiaUS #IndiaRussia #journalism #reporting #internationalrelations #dailycurrentaffairs #newsupdate #worldnews #IndianOcean #IndoPacific #science #space #defense #militarynews #dailyupdates #informative #breakingnews #topstories #viralnews #trending #newstoday #infotainment #youtubers #socialmedia 
",2023-02-22 10:05:22.858925,IN,21481481,66600,1718,2025-12-27 07:24:15.925426
UC7ISiCLF0wdf5y4ka46tUxQ,Hulmer1013,"Hey there! Welcome to my channel. 😎 I'm an enthusiastic lover of short videos and segments. I spend a lot of time curating the best short videos for you. Every day, I share new updates on selected funny short videos. Subscribe to my channel and let's create an amazing experience together!",2025-10-13 04:29:00.947099,US,121063172,52300,75,2025-12-27 07:24:28.391054
UC6S9wZWDjI_cjHNjgWzkUSA,cricket news,"

मेरे चैनल पर आपको मिलती है 100% ऑरिजिनल न्यूज़  मिलता है 
हमारा मकसद है सच्ची और निष्पक्ष खबरें पहुंचाना ✅🧠

📘 Facebook: Md Asrar Alam
📸 Instagram: @cricodekho12
✉️ Email: asrarsk56@gmail.com
",2025-01-10 16:46:56.981798,,276905846,296000,870,2025-12-27 07:24:28.391101
UC6Yb35WtyGWBnFUScyPt2jg,Hassan Muzik,"Hassan Muzik is a channel dedicated to Arabic music and oriental rhythms.
Here you will find beautiful Arabic songs filled with emotions, feelings, and the unique atmosphere of the East.
Each composition tells a story and conveys a mood through music.
Subscribe and enjoy the world of Arabic melodies.

Hassan Muzik هي قناة مخصصة للموسيقى العربية والإيقاعات الشرقية.
ستجد هنا أغانٍ عربية جميلة مليئة بالمشاعر والأحاسيس وأجواء الشرق الفريدة.
كل مقطوعة تحكي قصة وتنقل إحساسًا من خلال الموسيقى.
اشتركوا واستمتعوا بعالم الألحان العربية.",2023-03-03 16:25:49.859211,US,205188,1180,97,2025-12-27 07:24:28.391116
UC7jCbjOQQ4bjGVhXVytdW6A,LIL YASH4.0As,"Welcome to the world of Lil Yash4.0As — a smart, funny, and curious kid who turns everyday moments into exciting adventures! 🚀 From funny school stories and wild imaginations to touching tales and inspiring life lessons, this channel aims to entertain, educate, and make you smile. 😄

✨ You’ll see animated stories filled with humor, emotions, friendship, and creativity, perfect for kids, teens, and the young at heart.

👉 Subscribe for weekly episodes, relatable stories, and nonstop fun! — as written on the channel itself. 
  

Pls sir my YouTube grow. ",2025-12-21 13:08:24.659098,,4669,18,6,2025-12-27 07:24:28.391128
UC8_bom1ERrqG-QdEsK98WkA,Guarantee News,"Guarantee News is a trending news coverage powerhouse that is earning the trust of viewers. Launched in April 2024, Guarantee news digital has already carved a substantial niche for itself. We’re independent and unique, and we create distinctive programs and content which convey, educate and entertain millions of people in Karnataka every day.
Covering information across subjects- Politics, Sports, Business, Education, Careers, Farming, Entertainment, Trending and viral. It is go to destination for the discerning digital audience currently. 
Our team consists of experienced individuals who have made notable achievements in their respective fields. And have been a part of the teams responsible for successful launch of Kannada News Channels

Guarantee News / ಗ್ಯಾರಂಟಿ ನ್ಯೂಸ್
ಸುದ್ದಿ ಖಚಿತ.. ನ್ಯಾಯ ನಿಶ್ಚಿತ
",2019-10-14 06:11:18.244176,IN,450741947,759000,77864,2025-12-27 07:24:28.391139
UC6p9hFVj3bkf0uPUicLWsUQ,Gấu Trúc Nhỏ,"🎬 Gấu Trúc Nhỏ Official – Nơi mang đến những video vui nhộn, hấp dẫn cho mọi người
📩 Liên hệ hợp tác & bản quyền:
✉️ Gmail: gautrucnho.official@gmail.com
💡 Chúng tôi luôn sẵn sàng hợp tác và giải quyết các vấn đề bản quyền một cách thiện chí.
💡 We are always open to collaboration and committed to resolving copyright matters amicably.
❤️ Cảm ơn sự ủng hộ của các bạn!
🚀 Stay tuned for more exciting content!",2024-10-02 07:18:12.214629,VN,56251477,56400,85,2025-12-27 07:24:28.391151
UC870CF4Z_avDyxBeg7Yft_A,LyricScape Official,"~ Assalamu Alaikum ☪
 


Welcome to LyricScape Official  

I create aesthetic lyrical edits that turn music into

meaningful visuals.

From emotional vibes to trending tracks - you will always find something that connects with your mood.

What you will get here:

Daily lyrical shorts

Aesthetic edits and trending songs

• Music + Visuals = Pure Vibes

Subscribe and join the journev where lyrics meet visuals.",2024-09-21 13:34:41.513997,BD,12241946,33800,89,2025-12-27 07:24:28.391162
UC6mvj8Fj8o3E2OCPOvl1YAA,ST News,"",2025-05-16 14:18:39.002389,,64311376,42600,2310,2025-12-27 07:24:28.391173
UC6SP_igv78fiJhhy_voqpIg,Pudhari News,"Pudhari News – Maharashtra's trusted Marathi news channel. Get the latest breaking news, political updates, live coverage, exclusive ground reports, and viral stories from across Maharashtra.
Established in 1939 by Padmashree Dr. G. G. Jadhav, Daily Pudhari has been an integral part of Maharashtra's media landscape, reflecting the state's social, cultural, economic, and political evolution for over 80 years.

🎥 What You’ll Find Here:
Breaking Marathi News
Maharashtra Politics Updates
Ground Reporting from Cities & Villages
Viral and Trending Stories
Special Explainer Videos in Marathi
Live Coverage of Important Events

📌 Follow Pudhari News across platforms:
🔴 Instagram: https://www.instagram.com/pudharinews
🔵 Facebook: https://www.facebook.com/profile.php?id=61577065328424
🌐 Website: https://www.pudhari.news

🔔 Subscribe now for trusted, fast, and fearless journalism in Marathi.

#PudhariNews #MarathiNews #BreakingNews #MaharashtraPolitics #LiveMarathiNews #GroundReport #PudhariLive

",2014-07-01 05:30:59,IN,1538393625,1770000,103613,2025-12-27 07:24:28.391188
UC7J1LOf8HlaKE-tAKhh8gxQ,DIOsBadDay,"✨ JoJo’s Bizarre Shorts Hub ✨Your go-to for compact, hype JoJo fan content!
From Stand battles & Hamon highlights to meme edits & deep-cut references—all packaged in snappy, binge-worthy shorts.
A diehard JoJo fan making content for fellow Stand Users. Subscribe for weekly doses of bizarre joy, epic callbacks, and zero filler.
Let’s keep the Stardust burning—join the crew! 🕶️
",2025-11-03 10:15:58.877816,US,33703289,16800,43,2025-12-27 07:24:28.391199
UC7X5HRFLSVW41bZZOYfcSBw,Mugibara Mijares,"Bienvenidos al canal para los verdaderos amantes del béisbol! Aquí exploramos cada faceta del deporte rey: desde la rica historia de sus equipos y leyendas, hasta el análisis profundo de la estrategia moderna y las reglas del juego. Si eres un fanático de la MLB, la Serie del Caribe, o simplemente quieres entender mejor la belleza de un no-hitter o un squeeze play, este es tu lugar. Suscríbete y únete a nuestra comunidad para revivir los mejores momentos y debatir el futuro de la pelota.",2025-11-13 07:25:48.251218,,33100811,16500,248,2025-12-27 07:24:28.391213
UC6Ib-bYadfXiNyGFbLlHaqQ,Кирилл Дикусар,"Сотрудничество/Collaboration: dikusarcollab@gmail.com
Telegram для рекламы: @kircollab

№ 5061226304",2021-05-31 11:07:01.520822,,1892658294,3000000,1254,2025-12-27 07:24:28.391226
UC82tCzMTVt2rXcq5g3dZglg,أي͠ـه͠ـم͠,"مرحبا لسا جديد في اليوتيوب ✨


... ",2024-03-13 20:18:53.613841,,9619888,5320,15,2025-12-27 07:24:28.391238
UC7N-W19x3xTFr3p2hQFPKKg,kawiwi,"among us


hola chicos 🤠",2015-08-16 18:59:28,,142999894,305000,171,2025-12-27 07:24:28.39125
UC7Os19ttNnSoL0dQVqQ0XTQ,guddu 9128,"Fitness Guddu 💪 desi 💪 fitness 💪 in 🙏home 💪 fitness Guddu team fitness 
🇮🇳Bodybuilding home workout entertainment video banate hain fitness video banate hain support kijiye 





🏋️🤼🤾🤸
Desi fitness home workout video 
Support kijiye",2023-07-23 15:55:54.535701,IN,432396615,2240000,3287,2025-12-27 07:24:28.391263
UC82ihfsPgmQZ6NkmGFidaLw,Star Ana Haber,"Siyasetten sıcak olaylara, ekonomiden sağlığa, her konuda hızlı, güvenilir ve objektif habercilik ilkeleriyle Türkiye’nin en çok izlenen haber bültenlerinden biri olan Star Ana Haber, seyircisi ile her gün Star ekranlarında buluşuyor!

#StarAnaHaber #StarTV
",2023-09-19 12:43:43.917216,TR,116712405,71800,8795,2025-12-27 07:24:28.391417
UC6qEUMw2GJbuDYoK0Y33xHA,マッスルクリップス,"世界の面白いフィットネス情報を発信します

【著作権について】
YouTube公式ガイドライン参照
https://www.youtube.com/intl/ALL_jp/howyoutubeworks/
policies/copyright/
【注意】
・動画内容は特定の個人や団体を非難中傷することを目的にしてはおりません
・使用している素材は「引用」であり著作権を侵害する目的ではありません
・本チャンネルで制作する動画はすべて手作業で作成されており、再利用されたコンテンツでは一切ありません。


もし行き届かない点があり、動画の取り下げなどご希望される方は、お手数お掛けしまして恐れ入りますが、下記の方法にてご連絡いただけますと幸いです。
→s74330047@gmail.com
お仕事の依頼もこちらから→s74330047@gmail.com

AI編集ソフトVrewを活用しています。
本チャンネルでは以下の音声ナレーションを使用させていただいております
→VOICEVOX:Nemo
→VOICEVOX:雀松朱司
→VOICEVOX:麒ヶ島宗麟
→VOICEVOX:青山龍星
→VOICEVOX:もち子(cv 明日葉よもぎ)


#筋トレ #ジム #筋肉 
",2024-07-30 06:05:15.406749,JP,928630034,215000,370,2025-12-27 07:24:28.391275
UC6bV3RCrVm7m71ewfeU1InQ,Kengun,"Привет друг✌️,на этом канале я буду снимать нарезки по аниме,надеюсь тебе понравиться и ты подпишешься ✔️на меня,я буду очень рад🧡😌",2023-08-28 04:55:18.128165,,1267165,1010,141,2025-12-27 07:24:28.391286
UC7RoX1Ex0pzlkhaLF6eawrA,AYE ANIME,"hy guys 💕
 this is my YouTube channel where I edit anime
 best clips 💯
 if you like anime then don't forget to subscribe for more anime content ♥️",2023-02-19 19:43:45.455428,,7252531,10800,206,2025-12-27 07:24:28.391299
UC64mDU_PXGKXe3MN-HKPRMg,СНЕЖАНА СНЕЖОК,"Всiм привіт!!!Мене звати Сніжана, я актриса,модель та просто дуже весела дівчина.
Я живу в Україні,займаюся художньою гімнастикою та Pole Dance.Знімаюся у фільмах та рекламах з 5 років,всі відео можна найти у мене на аккаунті 
  Фільм у якому можна мене знайти 

https://youtube.com/playlist?list=PLBSJhxaXpVxd6JgdWFIsfpKgZ2dVkgNBp

❤️Тг: https://t.me/SnezhanaSnezhok
❤️Inst: https://instagram.com/snezhana_snezhokk?igshid=MzRlODBiNWFlZA==",2016-03-07 22:33:52,UA,1941045130,3330000,11106,2025-12-27 07:24:28.391311
UC7wXt18f2iA3EDXeqAVuKng,Republic Bharat,"रिपब्लिक भारत देश का नंबर वन न्यूज चैनल है। देश और दुनिया की जनहित से जुड़ी ब्रेकिंग न्यूज़, राजनीति, खेल और मनोरंजन की खबरों का खजाना है। 

इस खजाने तक पहुंचने के लिए रिपब्लिक भारत से जुड़े रहिए और सब्सक्राइब करिए।  ► http://bit.ly/RBharat

R. Bharat TV - India's no.1 Hindi news channel keeps you updated with non-stop LIVE and breaking news.  Watch the latest reports on political news, sports news, entertainment, and much more.

For more news and updates visit our official website:  https://www.republicbharat.com/

आप हमसे Social Media पर जुड़ने के लिए 
Republic Bharat फेसबुक पेज को लाइक करें:  
► https://www.facebook.com/RepublicBharatHindi
Follow The Republic Bharat on Twitter :
► https://twitter.com/Republic_Bharat
Follow Republic Bharat on Instagram:
► https://www.instagram.com/republicbharat
Follow Republic Bharat on WhatsApp:
► https://whatsapp.com/channel/0029Va7GPTi7dmecQ2LFH01I
",2019-01-14 08:51:06,IN,20130099504,30800000,293608,2025-12-27 07:24:28.391322
UC7IHk59JXA63t9agQrNh8bQ,Family Galattas,"",2022-01-08 14:41:42.265132,,303829337,402000,2951,2025-12-27 07:24:28.391336
UC63Tq5qh0QCKemBSHnXuF5Q,Kagan Dunlap,"I'm Kagan Dunlap I post news everyday all around the world and I hope I taught you something new today.

Business Inquiries: Karissa@bmtconsultinggroup.com

Join my Discord! https://discord.gg/kagandunlap

MERCH: https://rangerup.com/collections/kagan-dunlap?ref=KAGANDUNLAP

My Content does not reflect the official DoW.",2020-03-06 01:23:21.534182,US,1602410997,975000,5322,2025-12-27 07:24:28.391347
UC7AP6VEcp5n5TSXiWNehg8Q,ALMAMUN  YT,সবাই আমার ভিডিও দেকবেন,2025-04-20 11:52:23.023717,,4108996,38300,731,2025-12-27 07:24:28.391358
UC6x41swVZP3rEmy-ODxLMFA,ข่าวช่อง8,"ข่าวช่อง 8 ที่นี่ของจริง
นำเสนอข่าวสดใหม่ตลอดทั้งวัน ทันทุกเหตุการณ์ในทุกความเคลื่อนไหว

สนใจลงโฆษณาติดต่อ Email : onlinenewsch8@rs.co.th

- คุยข่าวเช้า 
เล่าง่าย เข้าใจง่าย อัพเดตข่าวเด่น เปิดประเด็นข่าวใหม่ คุยสดทุกเช้า เวลาข่าวของทุกคน 
ทุกวันจันทร์ - อาทิตย์ เวลา 05.40 - 08.30 น

- ข่าวใหญ่
เล่าเรื่องเด่น เล่นเรื่องใหญ่ กับ ""ข่าวใหญ่ช่อง8"" 
ทุกวันจันทร์ - อาทิตย์ เวลา 10.30 - 12.30 น.

- ข่าวมันส์เขี้ยว (เฉพาะในออนไลน์เท่านั้น)
ทุกวันจันทร์ - ศุกร์ เวลา 15.00 - 16.00 น.

- ลุยชนข่าว
คนข่าวตัวจริง ลุยสถานการณ์จริง แสวงหาความจริง กับ ""ลุยชนข่าว"" 
ทุกวันจันทร์ - ศุกร์ เวลา 19.00 - 22.15 น.
ทุกวันเสาร์ - อาทิตย์ เวลา 20.10 - 22.15 น.

- สดสด จากภาคสนาม
เกาะติดรายงานสดสถานการณ์ข่าวด่วน รวดเร็ว ฉับไว ก่อนใคร

#ข่าวช่อง8 #ข่าวออนไลน์ช่อง8 #ข่าวช่อง8ที่นี่ของจริง 
-----------------------
บริษัท อาร์.เอส. มัลติมีเดีย จำกัด 
บริษัทในเครือ อาร์.เอส. จำกัด (มหาชน) หรือ อาร์เอส กรุ๊ป
",2014-05-30 06:15:03,TH,5741405326,11000000,72114,2025-12-27 07:24:28.39137
UC6efxCrD1vdbNBKzSNADn8Q,Fact Rahul,"✨ Jai Shree Ram🌟

🎥Welcome to another exciting gaming challenge short from Fouria Ara the channel where fun meets competition!

In this video, participants face off in a quick but intense challenge where only one can take home the winning prize. From unexpected twists to fun reactions, you'll see how everyone gives their best to win but not everyone succeeds!

Stay tuned for more creative and thrilling content as we bring games, laughter, and surprises to your screen.

 ⚠️ Disclaimer ⚠️

This content is made for entertainment and educational purposes only.

It falls under Section 107 of the Copyright Act 1976

Fair Use A🎬

All materials and sounds belong to their respective copyright holders. No copyright infringement intended.

#Gaming Shorts

#PrizeChallenge #FunGame

",2025-07-31 12:46:02.896524,,65652711,574000,79,2025-12-27 07:24:28.391382
UC7FqAngGRGn_POJWXVB6LUQ,好奇心のボール,"このチャンネルでは、兵士、軍隊、様々なチャレンジ、教育活動など、世界中の興味深い出来事をシェアすることに重点を置いています。ぜひチャンネル登録をお忘れなく！
",2025-05-29 02:14:39.14437,JP,78769350,17300,126,2025-12-27 07:24:28.391394
UC71mnTC3ajcWUCvmm8U9MNg,Unfiltered Talks,"Welcome to Unfiltered Talks – A Malayalam channel that speaks boldly, laughs freely, and questions everything.

Run by husband-and-wife duo Sithara and Samad, this channel explores a wide range of topics — from current affairs and political debates to cultural commentary, social trends, daily experiences, and more. No script, no filters — just real conversations with a satirical twist.

Expect a mix of sharp insights, unfiltered opinions, witty banter, and moments that make you pause, laugh, and reflect. Whether you're a Malayali in Kerala or part of the global diaspora, Unfiltered Talks is your space for raw, relatable, and thought-provoking content.


",2024-07-31 18:22:58.149118,IN,6783684,5070,68,2025-12-27 07:24:28.391406
UC6gJYEwSF-PaIbAZoRf_1rQ,VRP_IN_REKALA,"🔸⚡முருகப்பெருமாள் வரதராஜபுரம்🚩
Welcome to our channel! 🌾 Here, we celebrate the beauty of our culture, traditional village festivals, and the cherished Rekala bulls. Our content is dedicated to sharing the history, significance, and celebration of Rekala culture through vibrant festivals and events.

We also dive into how we raise strong, healthy Rekala bulls—exploring the traditions and practices that help us grow these majestic animals with pride.

Thank you for your support! Don't forget to subscribe to stay updated on the latest festivals, cultural insights, and Rekala stories. Together, let's keep our traditions alive and thriving!
",2025-02-08 06:25:48.219406,,2658289,3360,410,2025-12-27 07:24:28.39143
UC6WUFNVBMkiCaSj3JFnqP4g,Usman FC Gamer,Usman,2024-10-21 02:07:17.324346,IN,297664,371,195,2025-12-27 07:24:28.391442
UC6NFFT5qOAvgO_NQomkRvSw,Mobzilla,"Mobzilla to testy najciekawszych smartfonów i mobilnych sprzętów na rynku. W kolejnych odcinkach Paweł Warzecha prześwietla najnowsze pozycje z cenników operatorów i ocenia, czy warto je kupić. W Mobzilli usłyszysz tylko szczere opinie - bez niezrozumiałych terminów, zbyt szczegółowych specyfikacji, bez lukrowania i słodzenia. 

Recenzje Pawła można oglądać od sierpnia 2010 roku. Co oznacza, że Paweł jest już stary. ",2013-03-22 10:21:51,,181020957,433000,1044,2025-12-27 07:24:28.391456
UC7108gLyg2hCacGQtH3UqZQ,Stillworse,"I""m here to share my passion .
20 years old but brain of gold .
",2023-08-04 13:05:12.925146,EG,1321956961,1120000,259,2025-12-27 07:24:28.391467
UC7OEuA_HS0_pX4GQFhnSnrw,Nilmoni Info Zone,"Hallo Friend I'm Nilmoni

Welcome to my channel "" Nilmoni Info Zone""",2025-09-19 10:25:33.475051,IN,35050445,20900,135,2025-12-27 07:24:28.391479
UC7_ygGVj4fJlb857Rie8ddQ,Abik edits,"",2024-10-12 12:42:55.319973,US,21114,47,23,2025-12-27 07:24:28.391489
UC_7FnHXIY1teScyG-4q2YPg,Công Nghệ Vô Cực,"Kênh cập nhật tin tức Công nghệ nhanh nhất Việt Nam
",2025-10-04 02:38:54.50656,,2232160,1920,239,2025-12-27 07:24:28.391501
UC7skCV2_5lmzY4wDVO5aT6g,phonk_music,"JAY SHREE RAM 🚩
.
.
.",2024-11-30 04:42:59.164966,IN,225706034,367000,2735,2025-12-27 07:24:28.391513
UC7JgWHhypHYKVA2jxSlDjtg,"Jonathan "" Kamerlen "" Smith","Официальный канал KAMERLEN на YouTube
Продюсер | Исполнитель | Независимый звук
LIVE ENERGY · BASS THERAPY
Каждый дроп — новая ясность",2014-02-20 14:19:43,,727420,13400,31,2025-12-27 07:24:28.391525
UC71IWd0h5DDqcwfXPcBTU3Q,Top खबर,"",2025-11-21 08:46:23.277133,,1131311,15700,18,2025-12-27 07:24:28.391537
UC89ETTf5GGQExwB9C4_8fzQ,just enjoy 🫶,"",2019-12-14 23:43:05.417932,,20360345,16400,124,2025-12-27 07:24:28.391548
UC87GHhS3ZD6Lp12-ynIitAA,ultimate hashira,"Demon Slayer, Jujutsu Kaisen, Attack on Titan, Vinland Saga, and Solo Levelling content! ",2016-08-13 04:22:15,,33538058,23400,567,2025-12-27 07:24:28.391559
UC7r2Z3UijlWePXXYAHxvpBg,Tana Zana,"This disclaimer applies to all AI-generated videos on this channel, aiming to clarify content attributes and avoid misunderstandings!
This channel is dedicated to creating meaningful and educational content with emotion and care.Through creative edits and heartfelt messages, raw clips are transformed into stories that highlight the importance of compassion for all living beings.

Fair Use Disclaimer:

All clips, images, and sounds belong to their respective owners.I do not claim ownership of any third-party material used here.
My edits, commentary, and emotions add new meaning and value, making this content transformative under Fair Use (Section 107, 17 U.S.C. §107).

",2023-11-30 12:52:59.546221,US,37792831,78700,13,2025-12-27 07:24:28.391571
UC80lhWXFwLS5tXXmpfcvJ_A,🎼БЕК ИСАБЕКОВ 🎼,"Каналга катталабыз 
Подпишитесь на канал!!!",2023-05-01 04:17:18.758967,US,6971742,7140,66,2025-12-27 07:24:28.391583
UC6oCm7vVIQeODXsoPx4JOpA,มังกรทองchanall,"",2025-04-26 02:21:01.494691,,52915705,37200,2012,2025-12-27 07:24:28.391613
UC7GEpSMHDUf9kCFoXuaeFzw,YORUBA CINEMA PLUS,"Watch your Latest Yoruba Movies


",2014-09-15 11:14:52,NG,17898668,235000,533,2025-12-27 07:24:28.391626
UC6MMUVbZjmIOv9CfEu3SSLw,Shekhar Film Sets,"🎬 Welcome to our movie world!
We show movie sets, properties, behind-the-scenes moments, and honest movie reviews.
If you love cinema and what happens behind the camera, this channel is for you!",2025-12-16 11:20:37.183192,,908128,612,5,2025-12-27 07:24:28.391639
UC730W2Tw77OQ8dOOCKWXaPQ,ABP Nadu,"ABP Nadu is the first ever digital only news platform in Tamil founded by ABP Network with over 1 Million subscribers bringing you timely breaking news, entertainment updates, uncovering political and social issues from across the state, nation and the world. The mainstream Tamil digital news platform with an enthusiastic team works 24*7 to deliver hard news, explainers, interviews and debates at a swift phase for its steadfast viewers.

The pioneering channel launched during Tamil Nadu Assembly Elections 2021 has an adept team working as gate-keepers to cater to various sections of the society with sensitivity and sensibility.

ABP Nadu with the founding principles of integrity, due impartiality, neutrality and independence is best known for its fair and balanced approach while reporting news stories and providing in-depth analysis. 

For latest news and updates subscribe to ABP NADU

https://tamil.abplive.com/
https://twitter.com/abpnadu
https://www.facebook.com/abpnadu
",2021-01-24 07:03:51.310402,IN,2165677222,1970000,58638,2025-12-27 07:24:28.391649
UC6ZFN9Tx6xh-skXCuRHCDpQ,PBS NewsHour,"Watch PBS News for daily, breaking and live news, plus special coverage. We are home to PBS News Hour, ranked the most credible and objective TV news show.
",2009-11-30 16:50:12,US,2916271509,5080000,57714,2025-12-27 07:24:28.391661
UC7MnoirJgkL_z7hp0_YJnAA,Anime Traveler,"📺 All the videos produced by this channel are original content. Although copyrighted pictures and music are used, these are within the scope permitted by YouTube's policies, allowing for their publication.
💡 Every video on the channel is an individual creation and by no means mass - produced in a templated way. Therefore, the content of this channel is protected by copyright law. Any unauthorized copying, reposting, or modification is illegal ⚖️.
📜 We will fully pursue the liability for every act of infringement and seek the maximum amount of compensation through legal channels. Regardless of the background of the infringer, we will not settle in any way.
🚫 If you find that the content of this channel is used without authorization, please contact us immediately 📧. We will handle it as soon as possible to protect our copyright interests.
",2024-05-21 09:44:07.406001,US,83559396,99700,914,2025-12-27 07:24:28.391673
UC68vgbv_3eQXAkrQ6cHq_CA,野球情報ストリーム,"このチャンネルでは野球選手に関する様々な情報を毎日投稿していきます✨

プロ野球からMLBまで幅広くご紹介していきますので、
野球が大好きな方はぜひチャンネル登録よろしくお願いします！⚾️
",2024-03-28 07:52:46.182507,JP,150221502,46200,352,2025-12-27 07:24:28.391684
UC9Hm4KAyMmJnCfuNq1mMH1g,Puja Sharma,"#Hello guys welcome to my youtube Channel 
this channel provide educational# entertainment#bhakti song#Goodnight #good morning #shorts#
🙏please subscribe to my channel 🙏 
🙏jayshree ram🙏
🙏Target - 50K My youtube family ...",2016-05-20 05:10:18,,997649,1510,607,2025-12-27 07:44:37.891595
UC6AG81pAkf6Lbi_1VC5NmPA,TBS NEWS DIG Powered by JNN,"TBS/JNNのニュースを配信する「TBS NEWS DIG Powered by JNN」公式YouTubeチャンネルです。緊急ニュースが発生した場合は「ライブ配信」で対応。テレビでは放送していないYouTubeオリジナルコンテンツも、盛りだくさんでお届けします。

The news script automatically converted to audio will be our original news and/or officially licensed news written by professional journalists. The final videos will be appropriately reviewed by professional human news editors before being  uploaded.",2009-09-15 05:16:57,JP,4487672317,3140000,78164,2025-12-27 07:24:28.391696
UC9Hdjo-GWHcuBSh1kQUy44Q,УТРК Жалал-Абад,"",2018-02-16 09:08:37,KZ,21413897,129000,12755,2025-12-27 07:44:37.891523
UC8ORPHcAjU6TsV72KmBliSw,•Farris Farris<•,"Hey Guys 💕
This is My Channel where I Make Anime Edits🥂
If You Love Anime Then You Can Subscribe Me and If You Don't then Change Your Taste😉
Hope You All Guys Keeps Supporting Me ❤️",2021-11-27 16:36:19.012439,,443703816,359000,549,2025-12-27 07:44:37.891644
UC8ce8VSrTqJLWVIM1y0T3SQ,ARMANISKALIEV,"World MMA спорт   Және спортшының өмірі мен жаттығулары . 🌍



ARMAN ISKALIEV  YouTube каналына жарнама бойынша : 8776 631 11 14 

Біздің мақсат :
2025 жылдың соңына дейін 10.000 көрермен жыйнау 

Жазылып комент , подписка жасағаныңызға үлкен рахмет 

https://www.youtube.com/@armannnfo
 
",2021-04-25 16:46:12.283521,KZ,7607397,4130,193,2025-12-27 07:44:37.891552
UCA2HSRVu1_iaZRWO5SRUQzw,An An Tv,"",2012-08-07 14:41:12,VN,43695941,14800,586,2025-12-27 07:44:37.891664
UCa4wn4pSawVrGyRkWzOE2VQ,KumarRavindra's15 Bollywood World,Pls Like And Subscribe💤💇‍♂️💥💫💢🙏 Sweet 60 💤💘💫💥🧘‍♂️70 Old is Gold 💘💯💢💥💫💤Kumar Ravindra's15 BollywoodWord💤💢💥💫🙎‍♂️,2022-06-02 19:43:00.441313,IN,1328908,1930,605,2025-12-27 07:44:37.891623
UCa3cJ-FceNKE-05tNr-a9wQ,CHRONIQUE DE MBAYE,"Chronique de Mbaye est une chaîne d’un jeune journaliste sportif qui se consacre au football et le sport en général.

Voix off, communication événementielle, reportage et présentation
Besoin de publicité contactez le : 78 513 79 32
E-mail : Mbayeanta940@gmail.com

Facebook : https://www.facebook.com/share/1AgogEfwtr/?mibextid=LQQJ4d",2017-07-13 16:42:57,SN,6974204,31200,545,2025-12-27 07:44:37.891562
UC90RW5ZmBBqp4r2QIQxfACA,Kanak News,"Kanak News is Odisha's leading 24x7 Odia News Channel  and current affairs TV channel from Eastern Media Limited. Odisha's largest media house that also publishes daily regional , National And international News .
#nuapadaresult #nuapadabyelection #nuapadaelection #nuapadanews #biharelection2025 #electionnews #biharnewstoday #nitishkumar #tejashwiyadav  #kanaknews  #OdiaNews #odishanews #oriyanews #breakingnews
Connect With Kanak News Live Other Digital  Platform 
Website :- http://kanaknews.com/
Instagram :- https://www.instagram.com/kanaknewsofficial/
LinkedIn :-  https://www.linkedin.com/company/kanak-news
Facebook :- http://www.facebook.com/KanakNews
App Kanak Live :- https://play.google.com/store/apps/details?id=com.kanak__news.app&hl=en
Twitter :-  http://twitter.com/kanak_news
Telegram :- https://t.me/kanaknewsofficial
WhatsApp:- https://whatsapp.com/channel/0029Va9qLIDAYlUKjL5iF90c

",2011-02-27 14:03:18,IN,7553651062,8740000,377430,2025-12-27 07:44:37.891579
UC9D1X1xyl-F-FDiJJ3l3pEg,𝐄𝐩𝐢𝐜 𝐕𝐢𝐝𝐞𝐨,"Don't forget to subscribe

 Hello Everyone, My Name Is Sunil 

I create transformative edits like sigma edits, aura edits, ☠️comparing edits and much more. for your entertaining 

business enquiry :-[ barulalsaini28@gmail.com ]

I am simply an editor striving to entertain viewers. 

Note: - 


All clips and music are used under fair use for entertainment and educational purposes only. - My videos are created for transformative purposes and do not intend to infringe on any copyright. - Edited and produced by me.

 Disclaimer ⚠️

 *Copyright Disclaimer under Section 107 of the Copyright Act 1976:* Allowance is made for ""fair use"" for purposes such as criticism, comment, news reporting, teaching, scholarship, education, and research. Fair use is a use permitted by copyright statute that might otherwise be infringing. Non-profit, educational, or personal use tips the balance in favor of fair use.

 Love You All So Much",2025-05-19 03:32:29.214949,IN,40455546,91000,114,2025-12-27 07:44:37.891587
UC9om3GJf4xVUlyWOpIm097Q,Anja,"Welcome to my channel! ❤ 🎬 🎬 I'm an avid fan of short videos and segments, dedicated to recommending the best short videos and segments. ❤ 🎬 ✨ Daily updates of selected funny short videos✨ 🎉 Subscribe to my channel and let's discover more surprises and fun together! 🎉",2018-01-29 14:25:27,US,69333722,76300,120,2025-12-27 07:44:37.891602
UC9Z3rR1cNHej-QKI7GH45oQ,전라도우회전(전우),"전라도개혁이 필요하다 
[크리스천투데이,채널A뉴스,TV조선,김진의 돌직구쇼, 고성국TV,그라운드C,펜앤드마이크TV ,매일신문,일요신문 구독부탁드립니다]

그 때에 사람이 너희에게 말하되 보라 그리스도가 여기 있다 혹 저기 있다 하여도 믿지 말라 거짓 그리스도들과 거짓 선지자들이 일어나 큰 표적과 기사를 보이어 할 수만 있으면 택하신 자들도 미혹하게 하리라 (마태복음 24:23-24)

===========================================
공산주의도 마귀가 만든 산물이요,자본주의도 마귀가 만든 산물이요
둘다 사람이 주체요.예수님이 주체가 아닙니다
좌에도 속지말고,우에도 속지마세요
공산주의는 인간을 신으로 경배하고 복음을 없애고,
자본주의는 모든 사람이 돈을 따라가고 
돈을 경배하게 만드는 구조입니다. 
둘다 적그리스도가 만든 여러모형중 하나입니다

아버지의(GOD)뜻은 우리 마음에 예수만 담는것입니다. 
믿는 사람의 나라는 이땅의 나라가 아니요, 새예루살렘뿐입니다(천국).  우리 정체성은 천국백성이요. 
우리 본향은 천국이요. 이땅의 나라들이 아닙니다 
지금 당장 오늘밤 하나님이 부르시면 육체의 옷이 벗겨지고,
가는것이 우리 인생들입니다 항상 부활을 준비하는것입니다.

",2023-06-27 23:56:14.390182,KR,832966198,515000,3599,2025-12-27 07:44:37.89161
UCA4y9g_GRdNrZLH_u5LLSdw,BanglaVision NEWS,"Welcome to BanglaVision News. We deliver the best in breaking news, live news, business news, sports news, Bangladeshi news, International News original journalism and segments from your favorite BanglaVision Shows. BanglaVision is the most popular Bengali language TV channel in Bangladesh that offers unbiased & comprehensive news and entertainment programs.

FIND US:
Website: https://www.banglavision.tv
News Portal: https://www.bvnews24.com

YOUTUBE CHANNELS:
youtube.com/banglavision
youtube.com/banglavisiondrama
youtube.com/banglavisionprogram
youtube.com/banglavisionentertainment
youtube.com/banglavisionnews
youtube.com/banglavisiontalkshow
youtube.com/thebvnews24
youtube.com/bvnorthamerica 

LIVE TV:
youtube.com/banglavisionlive24

OFFICIAL ADDRESS: 
Shamol Bangla Media Ltd. (BanglaVision TV)
Noor Tower, 110 Bir Uttam C. R. Dutta Road,
Dhaka-1205, Bangladesh.
Phone: 9632030-45.
",2017-01-18 07:42:51,BD,3894589079,9110000,67200,2025-12-27 07:44:37.891616
UC8NcXMG3A3f2aFQyGTpSNww,Channel i News,"Channel i is a privately owned Television network in Bangladesh. It is owned by the Impress Group, among the largest conglomerates in Bangladesh with interests in media, pharmaceuticals, aviation & textiles.
The Impress Group first moved beyond textile production and into television in the early 1980s under the tutelage of Faridur Reza Sagor, who had heretofore worked at state-run Bangladesh Television (BTV) on a freelance basis. The initial steps into television involved setting up Impress Telefilm, which produced small mini-series and one-off shows for BTV.
",2015-04-17 23:40:24,BD,1987812199,6320000,90457,2025-12-27 07:44:37.89163
UC8CfwveqA2mHijFwDx50diw,BalcevMMA_BOXING,"Если мы нарушили авторское право, то напишите пожалуйста нам в телеграмм https://t.me/BALMEEE или на почту ufc2269393@mail.ru и мы удалим ваше видео! Уведомление об авторских правах: В соответствии с разделом 107 Закона об авторском праве от 1976 года, этот материал используется в соответствии с положениями о ""добросовестном использовании"" для таких видов деятельности, как критика, комментарии, новостные репортажи, преподавание, стипендии и исследования

If we have violated copyright, please write to us via telegram https://t.me/BALMEEE or email ufc2269393@mail.ru and we will delete your video! We do not claim ownership of the material from which they are made.
Copyright Notice: In accordance with Section 107 of the Copyright Act of 1976, this material is used under the 'fair use' provision for activities such as criticism, commentary, news reporting, teaching, scholarship, and research.
",2018-03-16 15:06:48,RU,4382213727,2770000,1389,2025-12-27 07:44:37.891637
UC9m5CJHGT0FpNtQhzlUroeg,vs,"",2025-11-21 09:51:03.85807,US,168259,131,24,2025-12-27 07:44:37.89165
UC8dnBi4WUErqYQHZ4PfsLTg,Tv9 Kannada,"Tv9 Kannada is a 24 hours free to air News channel that bring the latest news and information to viewers. We understand that each event impacts world history and that the direction that society takes is influenced by the information that percolates down to people. It is this thought that has shaped our direction and content - direct, incisive and factual - reflecting the human angle and the focus being ""A Better Society"".
TV9 stands for a value system that includes truth, unbiased, impartiality and reliability TV9 is a pioneer in many respects. It is a channel promoted by professionals from the media and technology industries. TV9 seeks to integrate quality resources with the latest technologies to put together and deliver a thought-provoking experience - simple, crisp and bold, mirroring the world for its viewers.

",2010-03-18 10:56:47,IN,14917959234,12000000,491312,2025-12-27 07:44:37.891658
UCa50-6PNa1t4JJ1V9Y7RjJQ,Heena Girl,"Hyy Everyone👋

Welcome to Heena Girl 🌿✨
Your daily destination for beautiful and trendy Mehndi (Henna) designs.

On this channel, I upload daily Mehndi Shorts featuring:

📌Latest and trending mehndi designs

📌Easy & creative mehndi hacks

📌Modern, bridal, Arabic & festival mehndi ideas

📌Quick tips to improve mehndi skills


I am a mehndi lover, bringing you traditional vibes mixed with modern creativity.
Whether you are a beginner or a mehndi artist, this channel will inspire you every day.

like 👍🏻 Share, Subscribe🔔 and explore the art of mehndi with Heena Girl 💖
New shorts uploaded every day!",2025-12-12 08:46:43.317066,,36131,14,12,2025-12-27 07:44:37.891671
UCa0Gva4Y_TNixIilKd-Dl0g,超人不会飞,"Welcome to the Superman Can't Fly family comedy channel.
 This channel is the only authorized channel.
 Others are pirated.
 The Superman family brings you happiness every day.
 Remember to watch my videos on time.
..............................................................
欢迎来到《超人不会飞》家庭搞笑频道
此频道是唯一授权频道
其他均为盗版
超人一家人每天带给大家开心
记得准时收看我的影片
",2023-12-27 08:03:59.723028,HK,19764431387,23100000,4101,2025-12-27 07:44:37.891678
UC9aEQbCIoPwxRIAnkxLgYMw,dadlineSrunkli,"",2025-12-19 05:51:17.834,,12757,10,3,2025-12-27 07:44:37.89169
UC9oIcXOienVGOzgIQB28isA,it's Real,it's Real football 🤝,2025-06-17 15:27:50.176585,US,2054906,2770,30,2025-12-27 07:44:37.8917
UC8_hpCuR6P9t9Bqe8W1Sd9w,NEWS88 ODISHA,"

To stay Updated with odia news FOLLOW US.Thanks For Visiting Our Channel.

ଓଡ଼ିଶାର କୋଣ ଅନୁକୋଣର ଖବର ସବୁଠୁ ପ୍ରଥମେ ଦେଖିବା ପାଇଁ ଆମ CHANNEL NEWS88 ODISHA ସହ ଯୋଡ଼ି ରୁହନ୍ତୁ || ଆପଣଙ୍କ ଖବର ସବୁଠୁ ପ୍ରଥମେ ଆପଣ ଦେଖିପାରିବେ || ଧନ୍ଯବାଦ
Don't forget to like,share & Subscribe.

",2023-09-10 16:05:05.465709,IN,169338778,268000,7287,2025-12-27 07:44:37.891707
UC_9yG7uZFfhLHj_cfkbMcPQ,Four sword style,"",2025-06-27 16:11:20.146054,,102271166,16700,587,2025-12-27 07:44:37.891713
UC8YrbUAFAoTCsDZn0eum_fQ,𝙰𝚗𝚒𝚖𝚎𝚏𝚊𝚗7777,"WELCOME TO MY CHANNEL 😁❤️  my dream is to be a YouTuber and I want to make videos on Roblox but my phone is not good right now so in the future if I get a good phone I will definitely make good content or whatever we will see in the future bye everyone 😉❤️my dream 1k and 10k and 50k and 100k subscribers 🙌🏻😁 





















𝚐𝚊𝚖𝚋𝚊𝚛𝚎 𝚐𝚊𝚖𝚋𝚊𝚛𝚎🍷🗿🥂",2023-03-04 13:59:36.684909,,1329,44,21,2025-12-27 07:44:37.89172
UC8OahyCP-a0uIdlgrA1m6Qw,MR. Cool MAGIC 🪄,"Hi friends

Welcome to my Youtube channel 
 Mr. Cool  MAGIC . 

I upload hare magic shorts video. I hope you like my video and Subscribe free my channel.

magic
magic video
magic tricks
magic tutorial
magic short
magic shorts
viral magic
funny magic
magic tricks in hindi

#shorts
#viral
#magic
#magictrick
#magicvideo
#magicshorts
#funnymagic
#magictutorial
#simplemagic
#easymagic
#penmagic
#coinmagic
#notemagic
#cardmagic
#gllasmagic

Thank you😊🙏

Disclaimer-👇
Copyright Disclaimer under Section 107 of the copyright act 1976, allowance is made for fair use for purposes such as criticism, comment, news reporting, scholarship, and research. Fair use is a use permitted by copyright statute that might otherwise be infringing. Non-profit, educational or personal use tips the balance in favour of fair use.",2024-12-19 02:10:00.750993,,332320721,231000,435,2025-12-27 07:44:37.891727
UC9WxCW-z2LEsJbeO_oki4-Q,Cricket Facts021,"This is my cricket facts channel related to cricket videos please support and subscribe my channel 🙏🏻

Jai Shree Shyam 🙏🏻

For Business And Sponsorship Gmail ID 
Cricketfacts019@gmail.com",2025-05-25 14:05:06.531857,IN,41128377,34700,442,2025-12-27 07:44:37.891733
UC8YiYbknbEwrivaQV2dLuUQ,Kinethos Film,"Thank you for your continued care and support!

Have you ever been so moved by a movie scene that it stayed with you long after the credits rolled? That's exactly why we exist! Using Adobe After Effects(2022), we breathe new life into these iconic moments, revolutionizing their visual quality so every frame you cherish looks as crisp as the day it was filmed. This isn't just editing—it's a love letter to cinema!

All content on this channel is used under the Fair Use policy as outlined in Section 107 of the Copyright Act of 1976. It is used for purposes such as commentary, teaching, scholarship, or research. The materials included are transformed to provide original perspectives, add educational value, or entertain within the legal boundaries of Fair Use. If you believe any content infringes on your copyright, please contact me directly before taking any action. I am committed to resolving any issues promptly!
",2025-07-24 03:23:29.529481,US,328834999,67900,86,2025-12-27 07:44:37.89174
UC8lKgUHo-2mSR5cRRXO9xow,Siyatha News,"Siyatha Morning News - 6.00am |
Siyatha Midday News - 12 Noon | 
Siyatha Prime time News - 6.00pm | 
Siyatha Late night News - 9.35pm

Subscribe us today - 👉  https://bit.ly/2HgIdlj 👈﻿

👉 Website : www.siyathanews.lk
👉 Facebook: http://siyathanews.lk/facebook
👉 Instagram: https://www.instagram.com/siyathanews

👉 English: http://english.siyathanews.lk
👉 Facebook: http://facebook.com/siyathanewsenglish

Watch Siyatha TV News online on www.siyathatv.lk

#SiyathaNews #SriLanka #SiyathaTV

--------

® Property of Voice of Asia Network (Pvt) Ltd - The Largest Media Network in Sri Lanka 
www.voa.lk
",2017-07-13 07:59:26,LK,168348659,601000,24852,2025-12-27 07:44:37.891747
UC8yH-uI81UUtEMDsowQyx1g,SABC News,"SABC News, Africa's news leader at www.sabcnews.com is the online news portal of South Africa's public broadcaster. 
The South African Broadcasting Corporation has 18 radio stations and 3 television stations broadcasting in 11 languages, and a web presence on www.sabc.co.za. With its extensive coverage of local and international events on Radio and TV, the SABC News online service carries the best content gathered by SABC radio and TV news teams.",2012-02-29 11:19:30,ZA,1734145220,3190000,263834,2025-12-27 07:44:37.891804
UC-8X123VH7s8SFgt4kHsF7w,NarutoVerseIA,"Bem-vindo ao NarutoVerseIA 🤩🌟
Histórias épicas do universo NARUTO envolvendo personagens como SAKURA, SASUKE, LUFFY e muitos outros! 🦸🏻🔥

🎥 Conteúdo criativo, cheio de ação, nostalgia e emoção — vídeos novos toda semana!

🔔 Inscreva-se para mais conteúdos incríveis!

🎯 Meta do Canal:
🚀 -- 1k ✅
🚀 -- 5k ✅
🚀 -- 10k ✅
🚀 -- 25k ✅
🚀 -- 50k ✅
🚀 -- 75k ✅
🚀 -- 100k ✅

Obrigado pelo apoio ❤️
",2025-03-18 22:38:45.34681,BR,452795315,1820000,288,2025-12-27 07:44:37.891818
UC9gKf_QZ6ouawexY1qSEoig,kiranbnl,"🔥Название аниме в моем тгк! БЕЗ КОДОВ! Название тгк - kiranbnl
",2019-09-20 12:51:56,RU,217751399,76000,3773,2025-12-27 07:44:37.891825
UC9-G0cLoKGhqZptDpStWHew,Liven Family,Making magical memories🏰✨,2018-12-16 05:27:31,US,87383112,285000,1943,2025-12-27 07:44:37.891831
UC9IQhNgS43lmUdU-KdGyb0A,News18 Urdu,"News18 Urdu is an exclusive Urdu news channel on YouTube which streams news related to common topics such as war, government, politics, education, health, the environment, economy, business, and entertainment, as well as athletic events. It gives the complete coverage of the nation with special emphasis on Telangana & Jammu & Kashmir. 

The channel also has exclusive interviews & caters to a large section of Urdu speaking population in India and several countries by providing debates on culturally and socially relevant subjects, social dramas, news, religious and other infotainment programs.

Subscribe to our channel for the latest news updates: http://bit.ly/2QH4xqW
Follow Us: https://twitter.com/news18urdu?lang=en
Like Us: https://www.facebook.com/News18Urdu/
Our Website: http://urdu.news18.com/",2010-06-16 08:08:52,IN,1378951433,3480000,202084,2025-12-27 07:44:37.891838
UC9qUY3XMOenRdJ4VvpoFlnA,Melora,"Dive into the world of music like never before! 🎶 From epic cover battles to top charts, trending remixes, and hidden gems, Melora ranks it all with style.

Expect:
🎤 Who nailed it better? Cover showdowns
🎵 Top tracks across every genre
🔥 Viral hits, remixes, and beats
🌍 Music from around the globe

If you love discovering fresh sounds, debating the best versions, and staying ahead of music trends, you’re in the right place. Hit subscribe and join the journey!
",2025-09-12 11:04:32.971003,,29368541,27400,86,2025-12-27 07:44:37.891955
UC8ZZmbg3jj_OIcoXSgeseTQ,Nuralam Ff,"100K DREAM🥹🙏🫂
FREE FIRE MAX
UID- 2606722844
 ",2025-10-04 12:39:53.438981,IN,377927,10000,30,2025-12-27 07:44:37.891962
UC9CYT9gSNLevX5ey2_6CK0Q,NDTV India,"NDTV India is a 24-hour Hindi news channel. NDTV India established its image as one of India's leading credible news channels, and is a preferred channel by an audience which favours high quality programming and news, rather than sensational infotainment.  

NDTV इंडिया भारत का सबसे निष्पक्ष और विश्वसनीय हिंदी न्यूज़ चैनल है. NDTV India Live पर आप पॉलिटिक्स, बिजनेस, स्पोर्ट्स और बॉलीवुड से जुड़ी ताज़ा ख़बरें देख सकते हैं. सबसे निष्पक्ष और विश्वसनीय लाइव ख़बरों के लिए हमारे साथ बने रहें.

हमें वॉट्स्ऐप पर फॉलो करें : https://whatsapp.com/channel/0029Va4W2Dn6GcG6c6XL9s38
चैनल सब्सक्राइब करें : https://www.youtube.com/user/ndtvindia
हमारे फेसबुक पेज को लाइक करें : https://www.facebook.com/NDTVIndia
हमें ट्विटर पर फॉलो करें : https://twitter.com/ndtvindia
NDTV Apps डाउनलोड करें : http://www.ndtv.com/page/apps
अन्य वीडियो देखें : https://ndtv.in/videos
",2008-01-19 14:47:27,IN,17113479339,23400000,210205,2025-12-27 07:44:37.891845
UC8lo53OSp-4wCrJFTXlni3w,BG SPORTS,"",2013-12-25 09:05:14,TH,243752485,1290000,3213,2025-12-27 07:44:37.891852
UCa6olTBsyLLwaSq9IBUsaqw,Yūgen Arc,"A place where anime meets emotions.
Every edit tells a small story.... powerful, deep, and real.
Feel the moments, live the arc. 🌌
",2025-10-24 20:07:51.59626,,16044685,14300,34,2025-12-27 07:44:37.891858
UC9O_WUfs5oefZIhPvc4imRA,nia fashion hub,"Nia fashion hub 
Hello everyone 
Sabhi ka mere YouTube channel pr welcome
Mere pass all type artificially jewellery apko mil jayega one gram gold plated ' mirco plated ' dj brand ' gj brand jewellery available all type jewellery 
available pls all brands woman clothing available ",2017-06-24 05:16:41,IN,112016407,103000,5745,2025-12-27 07:44:37.891865
UC8Z-VjXBtDJTvq6aqkIskPg,Polimer News,"Polimer News brings unbiased News and accurate information to the socially conscious common man.
Polimer News has evolved as a 24 hours Tamil News satellite TV channel. Polimer is the second largest MSO in TN catering to millions of TV viewing homes across 10 districts of TN. Founded by Mr. P.V. Kalyana Sundaram, the company currently runs 8 basic cable TV channels in various parts of TN and Polimer TV, a fully integrated Tamil GEC reaching out to millions of Tamil viewers across the world.

The channel has extended its vision to various genres including Reality. In short, Polimer is aiming to become a strong and competitive channel in the GEC space of Tamil Television scenario. Polimer’s biggest strength is its people. The channel has some of the best talent on its rolls. A clear vision backed by the best brains gives Polimer a clear cut edge in the crowded Tamil TV landscape.

",2014-12-05 06:41:48,IN,16291715741,12400000,357997,2025-12-27 07:44:37.891872
UC9PorXmO9vv-4ctqBCD7Q1w,JS EDIT TAMIL,"1k- 25/06/2025
10k- 27/07/2025
20k- 6/09/2025
30k- 5/10/2025
40k- 3/11/2025
50k-15/12/2025
Thanks for your support ❤️❤️ 

Subscribe and make it as  100k🔥🔥😊


📌 Channel Description:

Welcome to the world of anime edits!

  🔰Copyright🔰

I have no rights on the Anime clips! I have no rights on the baground Music! Copyright:©TV Tokyo Corporation

All of the clips and Music are under of fair Use!

Fair use is a use permitted by copyright statute that might otherwise be infringing. Non-profit, educational or personal use tips the balance in favour of fair use!


",2025-05-27 05:06:57.590502,,20959728,52900,94,2025-12-27 07:44:37.891878
UC8esaS8Zdi3pekPN1zBv3nA,Raw Leaks TV,"🚨 Disclaimer: This video contains AI-generated content created for entertainment and parody purposes only. Any resemblance to real persons, living or dead, is purely fictitious and satirical.
* This content is not endorsed, affiliated with, or approved by the individuals depicted.
* No real voices, images, or statements from the referenced persons were used—everything is AI-generated.
* This video is not intended to mislead, defame, or impersonate anyone in a deceptive manner.
All AI-generated material falls under Fair Use and First Amendment protections as satire, parody, and commentary. Viewer discretion is advised.
",2024-04-20 03:13:37.200382,,13134671,64900,264,2025-12-27 07:44:37.891885
UC9lyj6d89zGPnVokHMiscgw,Dr Sundas MD," DOCTOR || Medical and SKIN expert 💊

MBBS || MD | Registered Medical Practitioner 
PGD dermatology | Aesthetic medicine 

🫀Awareness Channel 

This channel is for informational and educational purpose. 

Content on this channel not intended to give personal advise diagnosis and treatment here. 

For Clinic Or Online consultations 🩺 Whatsapp at  👉 03194107128   🏥 LAHORE 

Or Dm on Instagram ",2020-05-24 00:03:44.575515,,41329,139,141,2025-12-27 07:44:37.891896
UC9KnOaGzM7CDg8jVbjLsapw,Amy,"",2025-09-10 07:19:53.894163,,4751894,4420,43,2025-12-27 07:44:37.891903
UC94bwueCC7OWDmGtA9FRHcw,Hakim Tiles Work,Kishanganj Lakshmipur ,2021-07-29 06:53:30.476036,IN,33839121,36900,648,2025-12-27 07:44:37.89191
UC9tDrrK25KbO74I26BNaDrQ,Saagar & Esha,"Instagram 
https://www.instagram.com/saagarandesha?igsh=MWx6c3hpNm9pZG9ybw%3D%3D&utm_source=qr

Facebook 
https://www.facebook.com/share/1GBQeGvxB4/?mibextid=wwXIfr",2025-06-17 13:21:31.156641,IN,3778475,1480,186,2025-12-27 07:44:37.891917
UC9T8DAnvnEMeHVowxXyxCCg,😍All Types Reaction videos😍,"🎬 Welcome to All Types Reaction Videos!
Here you’ll find the most entertaining, funny, emotional, shocking, and heartwarming reactions to viral content, music videos, trailers, challenges, memes, and more! Whether it’s laughter, tears, or jaw-drops — we cover every type of reaction.

💥 Subscribe and be part of the fun — new uploads every week!
👇 Comment your suggestions and see your favorite content get featured
?
#ReactionVideo #FunnyReactions #ViralReactions #MusicReactions #TrailerReaction  
#EmotionalReactions #MovieTrailerReaction #ReactChannel #TryNotToLaugh  
#ReactToThis #BestReactions #YouTubeReaction #ReactionMashup #TikTokReaction  
#KpopReaction #BollywoodReaction #HollywoodReaction #LiveReaction  
#ReactionTime #ReactionCompilation #TrendingReactions #ChallengeReaction  
#ShockingReactions #MemeReaction #IndianReaction #USAReaction  
#UKReaction #ReactionYoutuber #ReactionSquad #ReactionMoment  
#RealReaction #HonestReaction #ReactionKing #ReactionQueen ",2025-06-20 17:29:54.682841,,4317502,514,98,2025-12-27 07:44:37.891923
UC9vb8ZfDew5syoSuJwyx9gQ,Legend Entire,"Hello Friends 

Welcome To Our Channel ""Legend Entire""

Videos Scripted & Edited By 
~ SHIVAKAR

Disclaimer ~ 
under section 107 of the copyright act 1976,
we made our videos for fair use only. 

For any issue contact us ~ 
legendentireyt@gmail.com

            


               *THANKS FOR WATCHING*




",2025-08-22 02:21:18.553405,IN,42826778,28000,108,2025-12-27 07:44:37.89193
UC9jt3lbvypIIMt6o58Zyz4Q,ตะวันภูผา,"",2025-09-06 01:13:03.187527,,627934750,147000,2605,2025-12-27 07:44:37.891936
UC8mneEqTs0NIOwMib24wrHQ,bhakti darshan 0855,"subscribe my youtube channel 
like comment ✨✨✨✨ 
shere now",2025-10-29 15:18:21.114869,,30023,199,31,2025-12-27 07:44:37.891943
UC9v1knDCf4ObJXG_iF7pSqw,LUCKY MEDIA KANNADA,"Updating daily news...


",2024-01-20 18:16:26.294416,IN,304940962,97200,2906,2025-12-27 07:44:37.891949
